Owned,Position 2012,Year,Position 2020,Artist Sorted,Artist,Album,Image,Discogs Master Release
1,6,1971,1,"Gaye, Marvin",Marvin Gaye,What's Going On,#REF!,https://www.discogs.com/de/Marvin-Gaye-Whats-Going-On/master/66631
1,2,1966,2,"Beach Boys, The",The Beach Boys,Pet Sounds,#REF!,https://www.discogs.com/de/The-Beach-Boys-Pet-Sounds/master/17217
1,30,1971,3,"Mitchell, Joni",Joni Mitchell,Blue,#REF!,https://www.discogs.com/de/Joni-Mitchell-Blue/master/47744
1,57,1976,4,"Wonder, Stevie",Stevie Wonder,Songs In The Key Of Life,#REF!,https://www.discogs.com/de/Stevie-Wonder-Songs-In-The-Key-Of-Life/master/87440
1,14,1969,5,"Beatles, The",The Beatles,Abbey Road,#REF!,https://www.discogs.com/de/The-Beatles-Abbey-Road/master/24047
1,17,1991,6,Nirvana,Nirvana,Nevermind,#REF!,https://www.discogs.com/de/Nirvana-Nevermind/master/13814
1,26,1977,7,Fleetwood Mac,Fleetwood Mac,Rumours,#REF!,https://www.discogs.com/de/Fleetwood-Mac-Rumours/master/38722
1,76,1984,8,Prince And The Revolution,Prince And The Revolution,Purple Rain,#REF!,https://www.discogs.com/de/Prince-And-The-Revolution-Purple-Rain/master/16245
1,16,1975,9,"Dylan, Bob",Bob Dylan,Blood On The Tracks,#REF!,https://www.discogs.com/de/Bob-Dylan-Blood-On-The-Tracks/master/3878
1,314,1998,10,"Hill, Lauryn",Lauryn Hill,The Miseducation Of Lauryn Hill,#REF!,https://www.discogs.com/de/Lauryn-Hill-The-Miseducation-Of-Lauryn-Hill/master/57279
1,3,1966,11,"Beatles, The",The Beatles,Revolver,#REF!,https://www.discogs.com/de/The-Beatles-Revolver/master/45284
1,20,1982,12,"Jackson, Michael",Michael Jackson,Thriller,#REF!,https://www.discogs.com/de/Michael-Jackson-Thriller/master/8883
1,84,1967,13,"Franklin, Aretha",Aretha Franklin,I Never Loved A Man The Way I Love You,#REF!,https://www.discogs.com/de/Aretha-Franklin-I-Never-Loved-A-Man-The-Way-I-Love-You/master/122933
1,7,1972,14,"Rolling Stones, The",Rolling Stones,Exile On Main St.,#REF!,https://www.discogs.com/de/Rolling-Stones-Exile-On-Main-St/master/30303
1,48,1988,15,Public Enemy,Public Enemy,It Takes A Nation Of Millions To Hold Us Back,#REF!,https://www.discogs.com/de/Public-Enemy-It-Takes-A-Nation-Of-Millions-To-Hold-Us-Back/master/30296
1,8,1979,16,"Clash, The",The Clash,London Calling,#REF!,https://www.discogs.com/de/The-Clash-London-Calling/master/19382
,353,2010,17,"West, Kanye",Kanye West,My Beautiful Dark Twisted Fantasy,#REF!,https://www.discogs.com/de/Kanye-West-My-Beautiful-Dark-Twisted-Fantasy/master/288153
1,4,1965,18,"Dylan, Bob",Bob Dylan,Highway 61 Revisited,#REF!,https://www.discogs.com/de/Bob-Dylan-Highway-61-Revisited/master/3986
1,,,19,"Lamar, Kendrick",Kendrick Lamar,To Pimp A Butterfly,#REF!,https://www.discogs.com/de/Kendrick-Lamar-To-Pimp-A-Butterfly/master/810214
1,67,2000,20,Radiohead,Radiohead,Kid A,#REF!,https://www.discogs.com/de/Radiohead-Kid-A/master/21501
1,18,1975,21,"Springsteen, Bruce",Bruce Springsteen,Born To Run,#REF!,https://www.discogs.com/de/Bruce-Springsteen-Born-To-Run/master/26725
1,134,1994,22,"Notorious B.I.G., The",The Notorious B.I.G.,Ready To Die,#REF!,https://www.discogs.com/de/The-Notorious-BIG-Ready-To-Die/master/57970
1,13,1967,23,"Velvet Underground & Nico, The",The Velvet Underground & Nico,The Velvet Underground & Nico,#REF!,https://www.discogs.com/de/The-Velvet-Underground-Nico-The-Velvet-Underground-Nico/master/35276
1,1,1967,24,"Beatles, The",The Beatles,Sgt. Pepper's Lonely Hearts Club Band,#REF!,https://www.discogs.com/de/The-Beatles-Sgt-Peppers-Lonely-Hearts-Club-Band/master/23934
1,36,1971,25,"King, Carole",Carole King,Tapestry,#REF!,https://www.discogs.com/de/Carole-King-Tapestry/master/104166
1,44,1975,26,"Smith, Patti",Patti Smith,Horses,#REF!,https://www.discogs.com/de/Patti-Smith-Horses/master/40109
1,387,1993,27,Wu-Tang Clan,Wu-Tang Clan,Enter The Wu-Tang (36 Chambers),#REF!,https://www.discogs.com/de/Wu-Tang-Clan-Enter-The-Wu-Tang-36-Chambers/master/25303
1,481,2000,28,D'Angelo,D'Angelo,Voodoo,#REF!,https://www.discogs.com/de/DAngelo-Voodoo/master/151766
1,10,1968,29,"Beatles, The",The Beatles,The Beatles,#REF!,https://www.discogs.com/de/The-Beatles-The-Beatles/master/46402
1,15,1967,30,"Hendrix, Jimi",The Jimi Hendrix Experience,Are You Experienced,#REF!,https://www.discogs.com/de/The-Jimi-Hendrix-Experience-Are-You-Experienced/master/24497
1,12,1959,31,"Davis, Miles",Miles Davis,Kind Of Blue,#REF!,https://www.discogs.com/de/Miles-Davis-Kind-Of-Blue/master/5460
1,,,32,Beyoncé,Beyoncé,Lemonade,#REF!,https://www.discogs.com/de/Beyonc%C3%A9-Lemonade/master/992029
1,451,2006,33,"Winehouse, Amy",Amy Winehouse,Back To Black,#REF!,https://www.discogs.com/de/Amy-Winehouse-Back-To-Black/master/51256
1,24,1973,34,"Wonder, Stevie",Stevie Wonder,Innervisions,#REF!,https://www.discogs.com/de/Stevie-Wonder-Innervisions/master/86466
1,5,1965,35,"Beatles, The",The Beatles,Rubber Soul,#REF!,https://www.discogs.com/de/The-Beatles-Rubber-Soul/master/45526
1,68,1979,36,"Jackson, Michael",Michael Jackson,Off The Wall,#REF!,https://www.discogs.com/de/Michael-Jackson-Off-The-Wall/master/435524
1,138,1992,37,Dr. Dre,Dr. Dre,The Chronic,#REF!,https://www.discogs.com/de/Dr-Dre-The-Chronic/master/33951
1,9,1966,38,"Dylan, Bob",Bob Dylan,Blonde On Blonde,#REF!,https://www.discogs.com/de/Bob-Dylan-Blonde-On-Blonde/master/3773
1,129,1980,39,Talking Heads,Talking Heads,Remain In Light,#REF!,https://www.discogs.com/de/Talking-Heads-Remain-In-Light/master/25688
1,35,1972,40,"Bowie, David",David Bowie,The Rise And Fall Of Ziggy Stardust And The Spiders From Mars,#REF!,https://www.discogs.com/de/David-Bowie-The-Rise-And-Fall-Of-Ziggy-Stardust-And-The-Spiders-From-Mars/master/1561
1,32,1969,41,"Rolling Stones, The",Rolling Stones,Let It Bleed,#REF!,https://www.discogs.com/de/Rolling-Stones-Let-It-Bleed/master/52967
1,162,1997,42,Radiohead,Radiohead,OK Computer,#REF!,https://www.discogs.com/de/Radiohead-OK-Computer/master/21491
1,153,1991,43,A Tribe Called Quest,A Tribe Called Quest,The Low End Theory,#REF!,https://www.discogs.com/de/A-Tribe-Called-Quest-The-Low-End-Theory/master/45922
1,402,1994,44,Nas,Nas,Illmatic,#REF!,https://www.discogs.com/de/Nas-Illmatic/master/20148
1,93,1987,45,Prince,Prince,"Sign ""O"" The Times",#REF!,https://www.discogs.com/de/Prince-Sign-O-The-Times/master/52497
1,71,1986,46,"Simon, Paul",Paul Simon,Graceland,#REF!,https://www.discogs.com/de/Paul-Simon-Graceland/master/55658
1,33,1976,47,Ramones,Ramones,Ramones,#REF!,https://www.discogs.com/de/Ramones-Ramones/master/39341
1,46,1984,48,"Marley, Bob",Bob Marley & The Wailers,Legend (The Best Of Bob Marley And The Wailers),#REF!,https://www.discogs.com/de/Bob-Marley-The-Wailers-Legend-The-Best-Of-Bob-Marley-And-The-Wailers/master/65863
,500,1998,49,OutKast,OutKast,Aquemini,#REF!,https://www.discogs.com/de/OutKast-Aquemini/master/25976
1,252,2001,50,Jay-Z,Jay-Z,The Blueprint,#REF!,https://www.discogs.com/de/Jay-Z-The-Blueprint/master/46989
1,21,1982,51,"Berry, Chuck",Chuck Berry,The Great Twenty-Eight,#REF!,https://www.discogs.com/de/Chuck-Berry-The-Great-Twenty-Eight/master/163706
1,324,1976,52,"Bowie, David",David Bowie,Station To Station,#REF!,https://www.discogs.com/de/David-Bowie-Station-To-Station/master/22420
1,55,1968,53,"Hendrix, Jimi",The Jimi Hendrix Experience,Electric Ladyland,#REF!,https://www.discogs.com/de/The-Jimi-Hendrix-Experience-Electric-Ladyland/master/24535
cd only,75,1991,54,"Brown, James",James Brown,Star Time,#REF!,https://www.discogs.com/de/James-Brown-Star-Time/master/78470
1,43,1973,55,Pink Floyd,Pink Floyd,The Dark Side Of The Moon,#REF!,https://www.discogs.com/de/Pink-Floyd-The-Dark-Side-Of-The-Moon/master/10362
,327,1993,56,"Phair, Liz",Liz Phair,Exile In Guyville,#REF!,https://www.discogs.com/de/Liz-Phair-Exile-In-Guyville/master/26390
1,45,1969,57,"Band, The",The Band,The Band,#REF!,https://www.discogs.com/de/The-Band-The-Band/master/14499
1,69,1971,58,Led Zeppelin,Led Zeppelin,Untitled,#REF!,https://www.discogs.com/de/Led-Zeppelin-Untitled-/master/4300
1,90,1972,59,"Wonder, Stevie",Stevie Wonder,Talking Book,#REF!,https://www.discogs.com/de/Stevie-Wonder-Talking-Book/master/87446
1,19,1968,60,Van Morrison,Van Morrison,Astral Weeks,#REF!,https://www.discogs.com/de/Van-Morrison-Astral-Weeks/master/14541
1,228,1987,61,Eric B. & Rakim,Eric B. & Rakim,Paid In Full,#REF!,https://www.discogs.com/de/Eric-B-Rakim-Paid-In-Full/master/12854
1,62,1987,62,Guns N' Roses,Guns N' Roses,Appetite For Destruction,#REF!,https://www.discogs.com/de/Guns-N-Roses-Appetite-For-Destruction/master/9467
1,145,1977,63,Steely Dan,Steely Dan,Aja,#REF!,https://www.discogs.com/de/Steely-Dan-Aja/master/16921
1,361,2000,64,OutKast,OutKast,Stankonia,#REF!,https://www.discogs.com/de/OutKast-Stankonia/master/26124
1,25,1963,65,"Brown, James",James Brown,James Brown Live At The Apollo,#REF!,https://www.discogs.com/de/James-Brown-James-Brown-Live-At-The-Apollo/master/65036
1,47,1965,66,"Coltrane, John",John Coltrane,A Love Supreme,#REF!,https://www.discogs.com/de/John-Coltrane-A-Love-Supreme/master/32287
,250,1996,67,Jay-Z,Jay-Z,Reasonable Doubt,#REF!,https://www.discogs.com/de/Jay-Z-Reasonable-Doubt/master/9258
1,,,68,"Bush, Kate",Kate Bush,Hounds Of Love,#REF!,https://www.discogs.com/de/Kate-Bush-Hounds-Of-Love/master/28680
1,,,69,"Morissette, Alanis",Alanis Morissette,Jagged Little Pill,#REF!,https://www.discogs.com/de/Alanis-Morissette-Jagged-Little-Pill/master/31513
1,144,1988,70,N.W.A,N.W.A,Straight Outta Compton,#REF!,https://www.discogs.com/de/NWA-Straight-Outta-Compton/master/26117
1,169,1977,71,"Marley, Bob",Bob Marley & The Wailers,Exodus,#REF!,https://www.discogs.com/de/Bob-Marley-The-Wailers-Exodus/master/65858
1,82,1972,72,"Young, Neil",Neil Young,Harvest,#REF!,https://www.discogs.com/de/Neil-Young-Harvest/master/37615
1,221,1991,73,My Bloody Valentine,My Bloody Valentine,Loveless,#REF!,https://www.discogs.com/de/My-Bloody-Valentine-Loveless/master/5948
,298,,74,"West, Kanye",Kanye West,The College Dropout,#REF!,https://www.discogs.com/de/Kanye-West-The-College-Dropout/master/6983
1,85,1968,75,"Franklin, Aretha",Aretha Franklin,Lady Soul,#REF!,https://www.discogs.com/de/Aretha-Franklin-Lady-Soul/master/123018
1,72,1972,76,"Mayfield, Curtis",Curtis Mayfield,Superfly,#REF!,https://www.discogs.com/de/Curtis-Mayfield-Superfly/master/138593
1,28,1971,77,"Who, the",The Who,Who's Next,#REF!,https://www.discogs.com/de/The-Who-Whos-Next/master/68469
1,11,1976,78,"Presley, Elvis",Elvis Presley,The Elvis Presley Sun Collection,#REF!,https://www.discogs.com/de/Elvis-Presley-The-Elvis-Presley-Sun-Collection/master/107699
1,,,79,"Ocean, Frank",Frank Ocean,Blond,#REF!,https://www.discogs.com/de/Frank-Ocean-Blond/master/1046042
1,41,1977,80,Sex Pistols,Sex Pistols,Never Mind The Bollocks Here's The Sex Pistols,#REF!,https://www.discogs.com/de/Sex-Pistols-Never-Mind-The-Bollocks-Heres-The-Sex-Pistols/master/30445
,,,81,Beyoncé,Beyoncé,Beyoncé,#REF!,https://www.discogs.com/de/Beyonc%C3%A9-Beyonc%C3%A9/master/631282
1,99,1971,82,Sly & The Family Stone,Sly & The Family Stone,There's A Riot Goin' On,#REF!,https://www.discogs.com/de/Sly-The-Family-Stone-Theres-A-Riot-Goin-On/master/78507
1,89,1969,83,"Springfield, Dusty",Dusty Springfield,Dusty In Memphis,#REF!,https://www.discogs.com/de/Dusty-Springfield-Dusty-In-Memphis/master/74378
1,77,1980,84,AC/DC,AC/DC,Back In Black,#REF!,https://www.discogs.com/de/ACDC-Back-In-Black/master/8471
1,23,1970,85,"Lennon, John",John Lennon / Plastic Ono Band,John Lennon / Plastic Ono Band,#REF!,https://www.discogs.com/de/John-Lennon-Plastic-Ono-Band-John-Lennon-Plastic-Ono-Band/master/72864
1,42,1967,86,"Doors, The",The Doors,The Doors,#REF!,https://www.discogs.com/de/The-Doors-The-Doors/master/45347
1,95,1970,87,"Davis, Miles",Miles Davis,Bitches Brew,#REF!,https://www.discogs.com/de/Miles-Davis-Bitches-Brew/master/8260
1,108,1971,88,"Bowie, David",David Bowie,Hunky Dory,#REF!,https://www.discogs.com/de/David-Bowie-Hunky-Dory/master/1718
1,,,89,"Badu, Erykah",Erykah Badu,Baduizm,#REF!,https://www.discogs.com/de/Erykah-Badu-Baduizm/master/43655
1,74,1970,90,"Young, Neil",Neil Young,After The Gold Rush,#REF!,https://www.discogs.com/de/Neil-Young-After-The-Gold-Rush/master/38433
1,150,1978,91,"Springsteen, Bruce",Bruce Springsteen,Darkness On The Edge Of Town,#REF!,https://www.discogs.com/de/Bruce-Springsteen-Darkness-On-The-Edge-Of-Town/master/26738
1,83,1967,92,"Hendrix, Jimi",The Jimi Hendrix Experience,Axis: Bold As Love,#REF!,https://www.discogs.com/de/The-Jimi-Hendrix-Experience-Axis-Bold-As-Love/master/24511
,,,93,"Elliott, Missy","Missy ""Misdemeanor"" Elliott",Supa Dupa Fly,#REF!,https://www.discogs.com/de/Missy-Misdemeanor-Elliott-Supa-Dupa-Fly/master/81249
,191,1970,94,"Stooges, The",The Stooges,Fun House,#REF!,https://www.discogs.com/de/The-Stooges-Fun-House/master/38209
1,,,95,Drake,Drake,Take Care,#REF!,https://www.discogs.com/de/Drake-Take-Care/master/394138
1,249,1992,96,R.E.M.,R.E.M.,Automatic For The People,#REF!,https://www.discogs.com/de/REM-Automatic-For-The-People/master/57830
1,167,1986,97,Metallica,Metallica,Master Of Puppets,#REF!,https://www.discogs.com/de/Metallica-Master-Of-Puppets/master/6495
1,305,1998,98,"Williams, Lucinda",Lucinda Williams,Car Wheels On A Gravel Road,#REF!,https://www.discogs.com/de/Lucinda-Williams-Car-Wheels-On-A-Gravel-Road/master/87369
1,,,99,"Swift, Taylor",Taylor Swift,Red,#REF!,https://www.discogs.com/de/Taylor-Swift-Red/master/488435
1,34,1968,100,"Band, The",The Band,Music From Big Pink,#REF!,https://www.discogs.com/de/The-Band-Music-From-Big-Pink/master/14468
1,29,1969,101,Led Zeppelin,Led Zeppelin,Led Zeppelin,#REF!,https://www.discogs.com/de/Led-Zeppelin-Led-Zeppelin/master/4126
1,81,1977,102,"Clash, The",The Clash,The Clash,#REF!,https://www.discogs.com/de/The-Clash-The-Clash/master/24371
1,346,1989,103,De La Soul,De La Soul,3 Feet High And Rising,#REF!,https://www.discogs.com/de/De-La-Soul-3-Feet-High-And-Rising/master/8357
1,64,1971,104,"Rolling Stones, The",The Rolling Stones,Sticky Fingers,#REF!,https://www.discogs.com/de/The-Rolling-Stones-Sticky-Fingers/master/23828
1,49,1971,105,"Allman Brothers Band, The",The Allman Brothers Band,The Allman Brothers Band At Fillmore East,#REF!,https://www.discogs.com/de/The-Allman-Brothers-Band-The-Allman-Brothers-Band-At-Fillmore-East/master/17243
1,460,1994,106,Hole,Hole,Live Through This,#REF!,https://www.discogs.com/de/Hole-Live-Through-This/master/43730
1,130,1977,107,Television,Television,Marquee Moon,#REF!,https://www.discogs.com/de/Television-Marquee-Moon/master/6202
1,,,108,"Apple, Fiona",Fiona Apple,When The Pawn Hits ,#REF!,https://www.discogs.com/de/Fiona-Apple-When-The-Pawn-Hits-The-Conflicts-He-Thinks-Like-A-King-What-He-Knows-Throws-The-Blows-Wh/master/88826
1,194,1972,109,"Reed, Lou",Lou Reed,Transformer,#REF!,https://www.discogs.com/de/Lou-Reed-Transformer/master/44278
1,113,1974,110,"Mitchell, Joni",Joni Mitchell,Court And Spark,#REF!,https://www.discogs.com/de/Joni-Mitchell-Court-And-Spark/master/47758
1,,,111,"Jackson, Janet",Janet Jackson,Control,#REF!,https://www.discogs.com/de/Janet-Jackson-Control/master/79648
1,91,1973,112,"John, Elton",Elton John,Goodbye Yellow Brick Road,#REF!,https://www.discogs.com/de/Elton-John-Goodbye-Yellow-Brick-Road/master/30577
1,218,1986,113,"Smiths, The",The Smiths,The Queen Is Dead,#REF!,https://www.discogs.com/de/The-Smiths-The-Queen-Is-Dead/master/20137
1,199,2001,114,"Strokes, The",The Strokes,Is This It,#REF!,https://www.discogs.com/de/The-Strokes-Is-This-It/master/12347
1,,,115,"Lamar, Kendrick",Kendrick Lamar,"Good Kid, M.A.A.d City",#REF!,https://www.discogs.com/de/Kendrick-Lamar-Good-Kid-MAAd-City/master/484590
1,326,1989,116,"Cure, The",The Cure,Disintegration,#REF!,https://www.discogs.com/de/The-Cure-Disintegration/master/31755
1,118,2005,117,"West, Kanye",Kanye West,Late Registration,#REF!,https://www.discogs.com/de/Kanye-West-Late-Registration/master/7087
1,37,1976,118,Eagles,Eagles,Hotel California,#REF!,https://www.discogs.com/de/Eagles-Hotel-California/master/59501
1,121,1969,119,Sly & The Family Stone,Sly & The Family Stone,Stand!,#REF!,https://www.discogs.com/de/Sly-The-Family-Stone-Stand/master/78501
1,66,1970,120,Van Morrison,Van Morrison,Moondance,#REF!,https://www.discogs.com/de/Van-Morrison-Moondance/master/14520
1,98,1978,121,"Costello, Elvis",Elvis Costello,This Year's Model,#REF!,https://www.discogs.com/de/Elvis-Costello-This-Years-Model/master/455505
,201,1994,122,Nine Inch Nails,Nine Inch Nails,The Downward Spiral,#REF!,1977
1,79,1969,123,Led Zeppelin,Led Zeppelin,Led Zeppelin II,#REF!,https://www.discogs.com/de/Led-Zeppelin-Led-Zeppelin-II/master/4170
1,63,1991,124,U2,U2,Achtung Baby,#REF!,https://www.discogs.com/de/U2-Achtung-Baby/master/20774
1,156,1989,125,Beastie Boys,Beastie Boys,Paul's Boutique,#REF!,https://www.discogs.com/de/Beastie-Boys-Pauls-Boutique/master/20135
1,281,1994,126,"Blige, Mary J.",Mary J. Blige,My Life,#REF!,https://www.discogs.com/de/Mary-J-Blige-My-Life/master/78734
1,105,1962,127,"Charles, Ray",Ray Charles,Modern Sounds In Country And Western Music,#REF!,https://www.discogs.com/de/Ray-Charles-Modern-Sounds-In-Country-And-Western-Music/master/141586
1,231,1975,128,Queen,Queen,A Night At The Opera,#REF!,https://www.discogs.com/de/Queen-A-Night-At-The-Opera/master/5863
1,87,1979,129,Pink Floyd,Pink Floyd,The Wall,#REF!,https://www.discogs.com/de/Pink-Floyd-The-Wall/master/11329
1,163,1982,130,Prince,Prince,1999,#REF!,https://www.discogs.com/de/Prince-1999/master/55667
1,419,1994,131,Portishead,Portishead,Dummy,#REF!,https://www.discogs.com/de/Portishead-Dummy/master/5542
1,94,1984,132,"Williams, Hank",Hank Williams,40 Greatest Hits,#REF!,https://www.discogs.com/de/Hank-Williams-Hank-Williams-40-Greatest-Hits/master/308861
1,,,133,"Mitchell, Joni",Joni Mitchell,Hejira,#REF!,https://www.discogs.com/de/Joni-Mitchell-Hejira/master/47775
1,469,1996,134,Fugees,Fugees,The Score,#REF!,https://www.discogs.com/de/Fugees-The-Score/master/124666
1,27,1987,135,U2,U2,The Joshua Tree,#REF!,https://www.discogs.com/de/U2-The-Joshua-Tree/master/64290
1,479,1971,136,Funkadelic,Funkadelic,Maggot Brain,#REF!,https://www.discogs.com/de/Funkadelic-Maggot-Brain/master/16158
1,,,137,Adele,Adele,21,#REF!,https://www.discogs.com/de/Adele-21/master/303567
1,184,1990,138,Madonna,Madonna,The Immaculate Collection,#REF!,https://www.discogs.com/de/Madonna-The-Immaculate-Collection/master/65483
1,131,1970,139,Black Sabbath,Black Sabbath,Paranoid,#REF!,https://www.discogs.com/de/Black-Sabbath-Paranoid/master/302
1,126,73,140,"Wailers, The",The Wailers,Catch A Fire,#REF!,https://www.discogs.com/de/The-Wailers-Catch-A-Fire/master/65824
1,227,1989,141,Pixies,Pixies,Doolittle,#REF!,https://www.discogs.com/de/Pixies-Doolittle/master/16764
1,86,1984,142,"Springsteen, Bruce",Bruce Springsteen,Born In The U.S.A.,#REF!,https://www.discogs.com/de/Bruce-Springsteen-Born-In-The-USA/master/26701
1,316,1969,143,"Velvet Underground, The",The Velvet Underground,The Velvet Underground,#REF!,https://www.discogs.com/de/The-Velvet-Underground-The-Velvet-Underground/master/35375
1,73,1975,144,Led Zeppelin,Led Zeppelin,Physical Graffiti,#REF!,https://www.discogs.com/de/Led-Zeppelin-Physical-Graffiti/master/4392
1,244,2000,145,Eminem,Eminem,The Marshall Mathers LP,#REF!,https://www.discogs.com/de/Eminem-The-Marshall-Mathers-LP/master/12236
1,140,1978,146,Blondie,Blondie,Parallel Lines,#REF!,https://www.discogs.com/de/Blondie-Parallel-Lines/master/3337
1,304,1994,147,"Buckley, Jeff",Jeff Buckley,Grace,#REF!,https://www.discogs.com/de/Jeff-Buckley-Grace/master/9298
1,,,148,"Ocean, Frank",Frank Ocean,Channel Orange,#REF!,https://www.discogs.com/de/Frank-Ocean-Channel-Orange/master/454284
1,452,,149,"Prine, John",John Prine,John Prine,#REF!,https://www.discogs.com/de/John-Prine-John-Prine/master/133502
1,226,1982,150,"Springsteen, Bruce",Bruce Springsteen,Nebraska,#REF!,https://www.discogs.com/de/Bruce-Springsteen-Nebraska/master/27192
1,472,1987,151,"Michael, George",George Michael,Faith,#REF!,https://www.discogs.com/de/George-Michael-Faith/master/96689
1,155,1980,152,Pretenders,Pretenders,Pretenders,#REF!,https://www.discogs.com/de/Pretenders-Pretenders/master/69563
1,,,153,"Franklin, Aretha",Aretha Franklin With James Cleveland & The Southern California Community Choir,Amazing Grace,#REF!,https://www.discogs.com/de/Aretha-Franklin-With-James-Cleveland-The-Southern-California-Community-Choir-Amazing-Grace/master/209416
1,406,1993,154,"Harvey, P J",P J Harvey,Rid Of Me,#REF!,https://www.discogs.com/de/P-J-Harvey-Rid-Of-Me/master/52590
,349,2003,155,Jay-Z,Jay-Z,The Black Album,#REF!,https://www.discogs.com/de/Jay-Z-The-Black-Album/master/47051
1,241,1984,156,"Replacements, The",The Replacements,Let It Be,#REF!,https://www.discogs.com/de/The-Replacements-Let-It-Be/master/16193
1,378,1995,157,Oasis,Oasis,(What's The Story) Morning Glory?,#REF!,https://www.discogs.com/de/Oasis-Whats-The-Story-Morning-Glory/master/52220
1,,,158,"Badu, Erykah",Erykah Badu,Mama's Gun,#REF!,https://www.discogs.com/de/eryKahBadu-Mamas-Gun/master/68130
1,448,1983,159,"Police, The",The Police,Synchronicity,#REF!,https://www.discogs.com/de/The-Police-Synchronicity/master/39248
1,209,1991,160,Pearl Jam,Pearl Jam,Ten,#REF!,https://www.discogs.com/de/Pearl-Jam-Ten/master/73824
1,262,1969,161,"Crosby, Stills & Nash","Crosby, Stills & Nash","Crosby, Stills & Nash",#REF!,https://www.discogs.com/de/Crosby-Stills-Nash-Crosby-Stills-Nash/master/26121
1,,,162,Pulp,Pulp,Different Class,#REF!,https://www.discogs.com/de/Pulp-Different-Class/master/87137
1,132,1977,163,Various,Various,Saturday Night Fever (The Original Movie Sound Track),#REF!,https://www.discogs.com/de/Various-Saturday-Night-Fever-The-Original-Movie-Sound-Track/master/23443
1,88,1968,164,"Cash, Johnny",Johnny Cash,At Folsom Prison,#REF!,https://www.discogs.com/de/Johnny-Cash-At-Folsom-Prison/master/27795
1,197,1983,165,R.E.M.,R.E.M.,Murmur,#REF!,https://www.discogs.com/de/REM-Murmur/master/14515
,92,1978,166,"Holly, Buddy",Buddy Holly & The Crickets,20 Golden Greats,#REF!,https://www.discogs.com/de/Buddy-Holly-The-Crickets-20-Golden-Greats/master/135603
1,342,1990,167,Depeche Mode,Depeche Mode,Violator,#REF!,https://www.discogs.com/de/Depeche-Mode-Violator/master/18080
1,240,1972,168,Steely Dan,Steely Dan,Can't Buy A Thrill,#REF!,https://www.discogs.com/de/Steely-Dan-Cant-Buy-A-Thrill/master/16883
1,70,1977,169,"Joel, Billy",Billy Joel,The Stranger,#REF!,https://www.discogs.com/de/Billy-Joel-The-Stranger/master/57029
1,114,1967,170,Cream,Cream,Disraeli Gears,#REF!,https://www.discogs.com/de/Cream-Disraeli-Gears/master/35685
1,328,1988,171,Sonic Youth,Sonic Youth,Daydream Nation,#REF!,https://www.discogs.com/de/Sonic-Youth-Daydream-Nation/master/9768
1,51,1970,172,Simon & Garfunkel,Simon & Garfunkel,Bridge Over Troubled Water,#REF!,https://www.discogs.com/de/Simon-and-Garfunkel-Bridge-Over-Troubled-Water/master/27765
1,435,1993,173,Nirvana,Nirvana,In Utero,#REF!,https://www.discogs.com/de/Nirvana-In-Utero/master/13859
1,122,1972,174,Various,Various,The Harder They Come (Original Soundtrack Recording),#REF!,https://www.discogs.com/de/Various-The-Harder-They-Come-Original-Soundtrack-Recording/master/144881
,,,175,"Lamar, Kendrick",Kendrick Lamar,Damn.,#REF!,https://www.discogs.com/de/Kendrick-Lamar-Damn/master/1164779
1,302,1990,176,Public Enemy,Public Enemy,Fear Of A Black Planet,#REF!,https://www.discogs.com/de/Public-Enemy-Fear-Of-A-Black-Planet/master/30255
1,172,1971,177,"Stewart, Rod",Rod Stewart,Every Picture Tells A Story,#REF!,https://www.discogs.com/de/Rod-Stewart-Every-Picture-Tells-A-Story/master/68324
1,78,1965,178,"Redding, Otis",Otis Redding,Otis Blue / Otis Redding Sings Soul,#REF!,https://www.discogs.com/de/Otis-Redding-Otis-Blue-Otis-Redding-Sings-Soul/master/1760
1,476,1997,179,"Notorious B.I.G., The",The Notorious B.I.G.,Life After Death,#REF!,https://www.discogs.com/de/The-Notorious-BIG-Life-After-Death/master/57982
1,40,1967,180,Love,Love,Forever Changes,#REF!,https://www.discogs.com/de/Love-Forever-Changes/master/6215
1,31,1965,181,"Dylan, Bob",Bob Dylan,Bringing It All Back Home,#REF!,https://www.discogs.com/de/Bob-Dylan-Bringing-It-All-Back-Home/master/3823
1,104,1970,182,"Taylor, James",James Taylor,Sweet Baby James,#REF!,https://www.discogs.com/de/James-Taylor-Sweet-Baby-James/master/68202
,,,183,D'Angelo,D'Angelo,Brown Sugar,#REF!,https://www.discogs.com/de/DAngelo-Brown-Sugar/master/151760
1,487,1983,184,"Lauper, Cyndi",Cyndi Lauper,She's So Unusual,#REF!,https://www.discogs.com/de/Cyndi-Lauper-Shes-So-Unusual/master/28859
1,58,1968,185,"Rolling Stones, The",Rolling Stones,Beggars Banquet,#REF!,https://www.discogs.com/de/Rolling-Stones-Beggars-Banquet/master/30220
1,310,1991,186,Red Hot Chili Peppers,Red Hot Chili Peppers,Blood Sugar Sex Magik,#REF!,https://www.discogs.com/de/Red-Hot-Chili-Peppers-Blood-Sugar-Sex-Magik/master/42522
1,,,187,Ice Cube,Ice Cube,AmeriKKKa's Most Wanted,#REF!,https://www.discogs.com/de/Ice-Cube-AmeriKKKas-Most-Wanted/master/97462
1,160,1971,188,T. Rex,T. Rex,Electric Warrior,#REF!,https://www.discogs.com/de/T-Rex-Electric-Warrior/master/72458
,272,1997,189,Sleater-Kinney,Sleater-Kinney,Dig Me Out,#REF!,https://www.discogs.com/de/Sleater-Kinney-Dig-Me-Out/master/64435
1,96,1969,190,"Who, the",The Who,Tommy,#REF!,https://www.discogs.com/de/The-Who-Tommy/master/68455
1,119,1960,191,"James, Etta",Etta James,At Last!,#REF!,https://www.discogs.com/de/Etta-James-At-Last/master/173445
1,219,1986,192,Beastie Boys,Beastie Boys,Licensed To Ill,#REF!,https://www.discogs.com/de/Beastie-Boys-Licensed-To-Ill/master/20090
1,309,1969,193,Creedence Clearwater Revival,Creedence Clearwater Revival,Willy And The Poor Boys,#REF!,https://www.discogs.com/de/Creedence-Clearwater-Revival-Willy-And-The-Poor-Boys/master/55288
1,203,1987,194,"Jackson, Michael",Michael Jackson,Bad,#REF!,https://www.discogs.com/de/Michael-Jackson-Bad/master/8517
1,,,195,"Cohen, Leonard",Leonard Cohen,Songs Of Leonard Cohen,#REF!,https://www.discogs.com/de/Leonard-Cohen-Songs-Of-Leonard-Cohen/master/3832
,,,196,Robyn,Robyn,Body Talk,#REF!,https://www.discogs.com/de/Robyn-Body-Talk/master/291012
1,53,1964,197,"Beatles, The",The Beatles,Meet The Beatles!,#REF!,https://www.discogs.com/de/The-Beatles-Meet-The-Beatles/master/75259
1,152,1979,198,The B-52's,The B-52's,The B-52's,#REF!,https://www.discogs.com/de/The-B-52s-The-B-52s/master/53856
1,135,1992,199,Pavement,Pavement,Slanted And Enchanted,#REF!,https://www.discogs.com/de/Pavement-Slanted-And-Enchanted/master/21660
1,,,200,Sade,Sade,Diamond Life,#REF!,https://www.discogs.com/de/Sade-Diamond-Life/master/43936
1,,,201,A Tribe Called Quest,A Tribe Called Quest,Midnight Marauders,#REF!,https://www.discogs.com/de/A-Tribe-Called-Quest-Midnight-Marauders/master/45947
1,,,202,Björk,Björk,Homogenic,#REF!,https://www.discogs.com/de/Bj%C3%B6rk-Homogenic/master/2815
1,321,1972,203,"Drake, Nick",Nick Drake,Pink Moon,#REF!,https://www.discogs.com/de/Nick-Drake-Pink-Moon/master/13933
,,,204,"West, Kanye",Kanye West,Graduation,#REF!,https://www.discogs.com/de/Kanye-West-Graduation/master/8497
1,208,1970,205,"Stevens, Cat",Cat Stevens,Tea For The Tillerman,#REF!,https://www.discogs.com/de/Cat-Stevens-Tea-For-The-Tillerman/master/37103
1,251,1977,206,"Bowie, David",David Bowie,Low,#REF!,https://www.discogs.com/de/David-Bowie-Low/master/22382
1,368,1972,207,Eagles,Eagles,Eagles,#REF!,https://www.discogs.com/de/Eagles-Eagles/master/59496
,437,2008,208,"Wayne, Lil",Lil Wayne,Tha Carter III,#REF!,https://www.discogs.com/de/Lil-Wayne-Tha-Carter-III/master/93041
1,123,1986,209,Run DMC,Run DMC,Raising Hell,#REF!,https://www.discogs.com/de/Run-DMC-Raising-Hell/master/37401
CD Only,54,1991,210,"Charles, Ray",Ray Charles,The Birth Of Soul - The Complete Atlantic Rhythm & Blues Recordings 1952-1959,#REF!,https://www.discogs.com/de/Ray-Charles-The-Birth-Of-Soul-The-Complete-Atlantic-Rhythm-Blues-Recordings-1952-1959/master/921896
1,,,211,Joy Division,Joy Division,Unknown Pleasures,#REF!,https://www.discogs.com/de/Joy-Division-Unknown-Pleasures/master/4805
1,,,212,"Simone, Nina",Nina Simone,Wild Is The Wind,#REF!,https://www.discogs.com/de/Nina-Simone-Wild-Is-The-Wind/master/122235
1,,,213,"Apple, Fiona",Fiona Apple,The Idler Wheel Is Wiser Than,#REF!,https://www.discogs.com/de/Fiona-Apple-The-Idler-Wheel-Is-Wiser-Than-The-Driver-Of-The-Screw-And-Whipping-Cords-Will-Serve-You-/master/446092
,,,214,"Petty, Tom",Tom Petty,Wildflowers,#REF!,https://www.discogs.com/de/Tom-Petty-Wildflowers/master/74309
1,261,1970,215,"Grateful Dead, The",The Grateful Dead,American Beauty,#REF!,https://www.discogs.com/de/Grateful-Dead-American-Beauty/master/18442
1,,,216,"Smith, Elliott",Elliott Smith,Either / Or,#REF!,https://www.discogs.com/de/Elliott-Smith-Either-Or/master/6126
1,,,217,Oasis,Oasis,Definitely Maybe,#REF!,https://www.discogs.com/de/Oasis-Definitely-Maybe/master/52255
1,378,1994,218,TLC,TLC,CrazySexyCool,#REF!,https://www.discogs.com/de/TLC-CrazySexyCool/master/51777
,480,1995,219,Chef Raekwon,Chef Raekwon,Only Built 4 Cuban Linx...,#REF!,https://www.discogs.com/de/Chef-Raekwon-Only-Built-4-Cuban-Linx/master/36531
1,147,1970,220,"Crosby, Stills, Nash & Young","Crosby, Stills, Nash & Young",Déjà Vu,#REF!,https://www.discogs.com/de/Crosby-Stills-Nash-Young-D%C3%A9j%C3%A0-Vu/master/38712
1,365,1992,221,Rage Against The Machine,Rage Against The Machine,Rage Against The Machine,#REF!,https://www.discogs.com/de/Rage-Against-The-Machine-Rage-Against-The-Machine/master/7939
1,367,1998,222,Madonna,Madonna,Ray Of Light,#REF!,https://www.discogs.com/de/Madonna-Ray-Of-Light/master/67803
1,80,1971,223,"Lennon, John",John Lennon,Imagine,#REF!,https://www.discogs.com/de/John-Lennon-Imagine/master/72879
1,,,224,Dixie Chicks,Dixie Chicks,Fly,#REF!,https://www.discogs.com/de/Dixie-Chicks-Fly/master/121571
1,493,2002,225,Wilco,Wilco,Yankee Hotel Foxtrot,#REF!,https://www.discogs.com/de/Wilco-Yankee-Hotel-Foxtrot/master/10363
1,117,1970,226,Derek And The Dominos,Derek And The Dominos,Layla And Other Assorted Love Songs,#REF!,https://www.discogs.com/de/Derek-And-The-Dominos-Layla-And-Other-Assorted-Love-Songs/master/76678
1,50,1957,227,"Richard, Little",Little Richard,Here's Little Richard,#REF!,https://www.discogs.com/de/Little-Richard-Heres-Little-Richard/master/305832
1,,,228,De La Soul,De La Soul,De La Soul Is Dead,#REF!,https://www.discogs.com/de/De-La-Soul-De-La-Soul-Is-Dead/master/19501
cd only,235,2000,229,"Cline, Patsy",Patsy Cline,The Ultimate Collection,#REF!,https://www.discogs.com/de/Patsy-Cline-The-Ultimate-Collection/master/604984
,,,230,Rihanna,Rihanna,Anti,#REF!,https://www.discogs.com/de/Rihanna-Anti/master/950545
1,315,1979,231,"Petty, Tom And The Heartbreakers",Tom Petty And The Heartbreakers,Damn The Torpedoes,#REF!,https://www.discogs.com/de/Tom-Petty-And-The-Heartbreakers-Damn-The-Torpedoes/master/74332
1,103,1959,232,"Coltrane, John",John Coltrane,Giant Steps,#REF!,https://www.discogs.com/de/John-Coltrane-Giant-Steps/master/32236
1,,,233,"Amos, Tori",Tori Amos,Little Earthquakes,#REF!,https://www.discogs.com/de/Tori-Amos-Little-Earthquakes/master/64690
1,300,1971,234,Black Sabbath,Black Sabbath,Master Of Reality,#REF!,https://www.discogs.com/de/Black-Sabbath-Master-Of-Reality/master/4844
1,255,1991,235,Metallica,Metallica,Metallica,#REF!,https://www.discogs.com/de/Metallica-Metallica/master/6651
1,,,236,Daft Punk,Daft Punk,Discovery,#REF!,https://www.discogs.com/de/Daft-Punk-Discovery/master/26647
1,183,1975,237,"Nelson, Willie",Willie Nelson,Red Headed Stranger,#REF!,https://www.discogs.com/de/Willie-Nelson-Red-Headed-Stranger/master/97786
1,256,1977,238,Kraftwerk,Kraftwerk,Trans Europe Express,#REF!,https://www.discogs.com/de/Kraftwerk-Trans-Europa-Express/master/2877
,,,239,Boogie Down Productions,Boogie Down Productions,Criminal Minded,#REF!,https://www.discogs.com/de/Boogie-Down-Productions-Criminal-Minded/master/119681
,439,1985,240,"Cooke, Sam",Sam Cooke,Live At The Harlem Square Club 1963,#REF!,https://www.discogs.com/de/Sam-Cooke-Live-At-The-Harlem-Square-Club-1963/master/190386
1,397,1991,241,Massive Attack,Massive Attack,Blue Lines,#REF!,https://www.discogs.com/de/Massive-Attack-Blue-Lines/master/32618
1,110,1970,242,"Velvet Underground, The",The Velvet Underground,Loaded,#REF!,https://www.discogs.com/de/The-Velvet-Underground-Loaded/master/35308
1,100,1968,243,"Zombies, The",The Zombies,Odessey And Oracle,#REF!,https://www.discogs.com/de/The-Zombies-Odessey-And-Oracle/master/60877
,,,244,"West, Kanye",Kanye West,808s & Heartbreak,#REF!,https://www.discogs.com/de/Kanye-West-808s-Heartbreak/master/8489
,,,245,Cocteau Twins,Cocteau Twins,Heaven Or Las Vegas,#REF!,https://www.discogs.com/de/Cocteau-Twins-Heaven-Or-Las-Vegas/master/5104
1,,,246,L.L. Cool J,L.L. Cool J,Mama Said Knock You Out,#REF!,https://www.discogs.com/de/LL-Cool-J-Mama-Said-Knock-You-Out/master/79689
1,,,247,Sade,Sade,Love Deluxe,#REF!,https://www.discogs.com/de/Sade-Love-Deluxe/master/110938
1,225,2004,248,Green Day,Green Day,American Idiot,#REF!,https://www.discogs.com/de/Green-Day-American-Idiot/master/33161
1,257,1985,249,"Houston, Whitney",Whitney Houston,Whitney Houston,#REF!,https://www.discogs.com/de/Whitney-Houston-Whitney-Houston/master/51607
1,360,1979,250,Buzzcocks,Buzzcocks,Singles Going Steady,#REF!,https://www.discogs.com/de/Buzzcocks-Singles-Going-Steady/master/13268
1,358,1960,251,"John, Elton",Elton John,Honky Château,#REF!,https://www.discogs.com/de/Elton-John-Honky-Ch%C3%A2teau/master/85555
1,442,1978,252,Devo,Devo,Q: Are We Not Men? A: We Are Devo!,#REF!,https://www.discogs.com/de/Devo-Q-Are-We-Not-Men-A-We-Are-Devo/master/52654
1,347,1967,253,Pink Floyd,Pink Floyd,The Piper At The Gates Of Dawn,#REF!,https://www.discogs.com/de/Pink-Floyd-The-Piper-At-The-Gates-Of-Dawn/master/19546
1,,,254,"Hancock, Herbie",Herbie Hancock,Head Hunters,#REF!,https://www.discogs.com/de/Herbie-Hancock-Head-Hunters/master/19493
1,97,1963,255,"Dylan, Bob",Bob Dylan,The Freewheelin' Bob Dylan,#REF!,https://www.discogs.com/de/Bob-Dylan-The-Freewheelin-Bob-Dylan/master/4455
1,263,1988,256,"Chapman, Tracy",Tracy Chapman,Tracy Chapman,#REF!,https://www.discogs.com/de/Tracy-Chapman-Tracy-Chapman/master/105802
1,301,1971,257,"Parton, Dolly",Dolly Parton,Coat Of Many Colors,#REF!,https://www.discogs.com/de/Dolly-Parton-Coat-Of-Many-Colors/master/460976
1,,,258,"Mitchell, Joni",Joni Mitchell,The Hissing Of Summer Lawns,#REF!,https://www.discogs.com/de/Joni-Mitchell-The-Hissing-Of-Summer-Lawns/master/47771
1,125,1971,259,"Joplin, Janis",Janis Joplin,Pearl,#REF!,https://www.discogs.com/de/Janis-Joplin-Pearl/master/72235
1,,,260,The Slits,The Slits,Cut,#REF!,https://www.discogs.com/de/The-Slits-Cut/master/42269
1,,,261,Beastie Boys,Beastie Boys,Check Your Head,#REF!,https://www.discogs.com/de/Beastie-Boys-Check-Your-Head/master/20145
1,,,262,New Order,New Order,"Power, Corruption & Lies",#REF!,https://www.discogs.com/de/New-Order-Power-Corruption-Lies/master/4071
1,307,1964,263,"Beatles, The",The Beatles,A Hard Day's Night,#REF!,https://www.discogs.com/de/The-Beatles-A-Hard-Days-Night/master/24003
1,211,1975,264,Pink Floyd,Pink Floyd,Wish You Were Here,#REF!,https://www.discogs.com/de/Pink-Floyd-Wish-You-Were-Here/master/11703
,,,265,Pavement,Pavement,Wowee Zowee,#REF!,https://www.discogs.com/de/Pavement-Wowee-Zowee/master/25277
1,331,1965,266,"Beatles, The",The Beatles,Help!,#REF!,https://www.discogs.com/de/The-Beatles-Help/master/45895
,413,1984,267,Minutemen,Minutemen,Double Nickels On The Dime,#REF!,https://www.discogs.com/de/Minutemen-Double-Nickels-On-The-Dime/master/29892
1,322,1972,268,"Newman, Randy",Randy Newman,Sail Away,#REF!,https://www.discogs.com/de/Randy-Newman-Sail-Away/master/81089
,,,269,"West, Kanye",Kanye West,Yeezus,#REF!,https://www.discogs.com/de/Kanye-West-Yeezus/master/567491
,,,270,"Musgraves, Kacey",Kacey Musgraves,Golden Hour,#REF!,https://www.discogs.com/de/Kacey-Musgraves-Golden-Hour/master/1338231
1,,,271,"Blige, Mary J.",Mary J. Blige,What's The 411?,#REF!,https://www.discogs.com/de/Mary-J-Blige-Whats-The-411/master/78837
1,293,1968,272,"Velvet Underground, The",The Velvet Underground,White Light/White Heat,#REF!,https://www.discogs.com/de/The-Velvet-Underground-White-LightWhite-Heat/master/35320
1,483,1979,273,Gang Of Four,Gang Of Four,Entertainment!,#REF!,https://www.discogs.com/de/Gang-Of-Four-Entertainment/master/6309
1,120,1968,274,"Byrds, The",The Byrds,Sweetheart Of The Rodeo,#REF!,https://www.discogs.com/de/The-Byrds-Sweetheart-Of-The-Rodeo/master/29947
1,,,275,"Mayfield, Curtis",Curtis Mayfield,Curtis,#REF!,https://www.discogs.com/de/Curtis-Mayfield-Curtis/master/30117
1,111,1995,276,Radiohead,Radiohead,The Bends,#REF!,https://www.discogs.com/de/Radiohead-The-Bends/master/17008
1,,,277,"Keys, Alicia",Alicia Keys,The Diary Of Alicia Keys,#REF!,https://www.discogs.com/de/Alicia-Keys-The-Diary-Of-Alicia-Keys/master/144296
1,148,1973,278,Led Zeppelin,Led Zeppelin,Houses Of The Holy,#REF!,https://www.discogs.com/de/Led-Zeppelin-Houses-Of-The-Holy/master/4326
1,313,1994,279,Nirvana,Nirvana,MTV Unplugged In New York,#REF!,https://www.discogs.com/de/Nirvana-MTV-Unplugged-In-New-York/master/22433
1,,,280,50 Cent,50 Cent,Get Rich Or Die Tryin',#REF!,https://www.discogs.com/de/50-Cent-Get-Rich-Or-Die-Tryin/master/34201
1,,,281,Nilsson,Nilsson,Nilsson Schmilsson,#REF!,https://www.discogs.com/de/Nilsson-Nilsson-Schmilsson/master/60680
1,101,1955,282,"Sinatra, Frank",Frank Sinatra,In The Wee Small Hours,#REF!,https://www.discogs.com/de/Frank-Sinatra-In-The-Wee-Small-Hours/master/96471
1,,,283,"Summer, Donna",Donna Summer,Bad Girls,#REF!,https://www.discogs.com/de/Donna-Summer-Bad-Girls/master/25893
cd only,477,1996,284,"Haggard, Merle",Merle Haggard,Down Every Road (1962-1994),#REF!,https://www.discogs.com/de/Merle-Haggard-Down-Every-Road-1962-1994/master/1095115
,449,1978,285,Big Star,Big Star,3rd,#REF!,https://www.discogs.com/de/Big-Star-3rd/master/13848
1,401,1999,286,Red Hot Chili Peppers,Red Hot Chili Peppers,Californication,#REF!,https://www.discogs.com/de/Red-Hot-Chili-Peppers-Californication/master/42546
1,233,1965,287,"Byrds, The",The Byrds,Mr. Tambourine Man,#REF!,https://www.discogs.com/de/The-Byrds-Mr-Tambourine-Man/master/29939
1,382,1976,288,"Modern Lovers, The",The Modern Lovers,The Modern Lovers,#REF!,https://www.discogs.com/de/The-Modern-Lovers-The-Modern-Lovers/master/6689
1,376,1995,289,Björk,Björk,Post,#REF!,https://www.discogs.com/de/Bj%C3%B6rk-Post/master/36251
,,,290,OutKast,OutKast,Speakerboxxx / The Love Below,#REF!,https://www.discogs.com/de/OutKast-Speakerboxxx-The-Love-Below/master/26106
,,,291,Destiny's Child,Destiny's Child,The Writing's On The Wall,#REF!,https://www.discogs.com/de/Destinys-Child-The-Writings-On-The-Wall/master/40948
1,415,1978,292,Van Halen,Van Halen,Van Halen,#REF!,https://www.discogs.com/de/Van-Halen-Van-Halen/master/29426
1,,,293,"Breeders, The",The Breeders,Last Splash,#REF!,https://www.discogs.com/de/The-Breeders-Last-Splash/master/20764
1,299,1994,294,Weezer,Weezer,Weezer,#REF!,https://www.discogs.com/de/Weezer-Weezer/master/35266
1,,,295,Daft Punk,Daft Punk,Random Access Memories,#REF!,
1,351,1979,296,"Young, Neil & Crazy Horse",Neil Young & Crazy Horse,Rust Never Sleeps,#REF!,https://www.discogs.com/de/Neil-Young-Crazy-Horse-Rust-Never-Sleeps/master/38738
1,187,1986,297,"Gabriel, Peter",Peter Gabriel,So,#REF!,https://www.discogs.com/de/Peter-Gabriel-So/master/35759
1,,,298,"Petty, Tom",Tom Petty,Full Moon Fever,#REF!,https://www.discogs.com/de/Tom-Petty-Full-Moon-Fever/master/74304
1,141,1965,299,"King, B.B.",B.B. King,Live At The Regal,#REF!,https://www.discogs.com/de/BB-King-Live-At-The-Regal/master/107099
cd only,,,300,"Twain, Shania",Shania Twain,Come On Over,#REF!,https://www.discogs.com/de/Shania-Twain-Come-On-Over/master/132556
1,215,1973,301,New York Dolls,New York Dolls,New York Dolls,#REF!,https://www.discogs.com/de/New-York-Dolls-New-York-Dolls/master/13185
1,330,1975,302,"Young, Neil",Neil Young,Tonight's The Night,#REF!,https://www.discogs.com/de/Neil-Young-Tonights-The-Night/master/38672
cd only,178,2001,303,ABBA,ABBA,The Definitive Collection,#REF!,https://www.discogs.com/de/ABBA-The-Definitive-Collection/master/49937
1,,,304,"Withers, Bill",Bill Withers,Just As I Am,#REF!,https://www.discogs.com/de/Bill-Withers-Just-As-I-Am/master/92867
1,159,1975,305,Kiss,Kiss,Alive!,#REF!,https://www.discogs.com/de/Kiss-Alive/master/41737
1,286,1972,306,"Green, Al",Al Green,I'm Still In Love With You,#REF!,https://www.discogs.com/de/Al-Green-Im-Still-In-Love-With-You/master/141247
1,107,2003,307,"Cooke, Sam",Sam Cooke,Portrait Of A Legend 1951-1964,#REF!,https://www.discogs.com/de/Sam-Cooke-Portrait-Of-A-Legend-1951-1964/master/175757
1,432,1973,308,"Eno, Brian",Brian Eno,Here Come The Warm Jets,#REF!,https://www.discogs.com/de/Eno-Here-Come-The-Warm-Jets/master/6152
1,157,1980,309,Joy Division,Joy Division,Closer,#REF!,https://www.discogs.com/de/Joy-Division-Closer/master/4734
1,412,1977,310,Wire,Wire,Pink Flag,#REF!,https://www.discogs.com/de/Wire-Pink-Flag/master/50645
1,,,311,"Young, Neil",Neil Young,On The Beach,#REF!,https://www.discogs.com/de/Neil-Young-On-The-Beach/master/38630
1,,,312,Solange,Solange,A Seat At The Table,#REF!,https://www.discogs.com/de/Solange-A-Seat-At-The-Table/master/1071880
1,,,313,"Harvey, P J",P J Harvey,"Stories From The City, Stories From The Sea",#REF!,https://www.discogs.com/de/P-J-Harvey-Stories-From-The-City-Stories-From-The-Sea/master/52673
1,,,314,Aaliyah,Aaliyah,One In A Million,#REF!,https://www.discogs.com/de/Aaliyah-One-In-A-Million/master/101004
1,,,315,Rosalía,Rosalía,El Mal Querer,#REF!,https://www.discogs.com/de/Rosal%C3%ADa-El-Mal-Querer/master/1447781
1,115,1967,316,"Who, the",The Who,The Who Sell Out,#REF!,https://www.discogs.com/de/The-Who-The-Who-Sell-Out/master/68445
1,,,317,"Holiday, Billie",Billie Holiday With Ray Ellis And His Orchestra,Lady In Satin,#REF!,https://www.discogs.com/de/Billie-Holiday-With-Ray-Ellis-And-His-Orchestra-Lady-In-Satin/master/123567
1,259,1997,318,Janet,Janet,The Velvet Rope,#REF!,https://www.discogs.com/de/Janet-The-Velvet-Rope/master/100041
1,498,1989,319,"Stone Roses, The",The Stone Roses,The Stone Roses,#REF!,https://www.discogs.com/de/The-Stone-Roses-The-Stone-Roses/master/12458
,287,1980,320,X,X,Los Angeles,#REF!,https://www.discogs.com/de/X-Los-Angeles/master/52625
1,,,321,"Del Rey, Lana",Lana Del Rey,Norman Fucking Rockwell!,#REF!,https://www.discogs.com/de/Lana-Del-Rey-Norman-Fucking-Rockwell/master/1597875
1,190,1969,322,"Presley, Elvis",Elvis Presley,From Elvis In Memphis,#REF!,https://www.discogs.com/de/Elvis-Presley-From-Elvis-In-Memphis/master/107505
,407,1980,323,"Clash, The",The Clash,Sandinista!,#REF!,https://www.discogs.com/de/The-Clash-Sandinista/master/14996
1,466,2002,324,Coldplay,Coldplay,A Rush Of Blood To The Head,#REF!,https://www.discogs.com/de/Coldplay-A-Rush-Of-Blood-To-The-Head/master/3354
cd only,245,1993,325,"Lewis, Jerry Lee",Jerry Lee Lewis,The Jerry Lee Lewis Anthology - All Killer No Filler!,#REF!,https://www.discogs.com/de/Jerry-Lee-Lewis-The-Jerry-Lee-Lewis-Anthology-All-Killer-No-Filler/master/1065993
1,206,1980,326,Prince,Prince,Dirty Mind,#REF!,https://www.discogs.com/de/Prince-Dirty-Mind/master/22044
1,170,1970,327,"Who, the",The Who,Live At Leeds,#REF!,https://www.discogs.com/de/The-Who-Live-At-Leeds/master/68451
1,,,328,Vampire Weekend,Vampire Weekend,Modern Vampires Of The City,#REF!,https://www.discogs.com/de/Vampire-Weekend-Modern-Vampires-Of-The-City/master/553916
1,,,329,DJ Shadow,DJ Shadow,Endtroducing.....,#REF!,https://www.discogs.com/de/DJ-Shadow-Endtroducing/master/15313
1,109,1966,330,"Rolling Stones, The",The Rolling Stones,Aftermath,#REF!,https://www.discogs.com/de/The-Rolling-Stones-Aftermath/master/30194
1,239,1989,331,Madonna,Madonna,Like A Prayer,#REF!,https://www.discogs.com/de/Madonna-Like-A-Prayer/master/34627
1,56,1956,332,"Presley, Elvis",Elvis Presley,Elvis Presley,#REF!,https://www.discogs.com/de/Elvis-Presley-Elvis-Presley/master/107325
1,,,333,"Withers, Bill",Bill Withers,Still Bill,#REF!,https://www.discogs.com/de/Bill-Withers-Still-Bill/master/92896
1,207,1970,334,Santana,Santana,Abraxas,#REF!,https://www.discogs.com/de/Santana-Abraxas/master/31598
1,292,1975,335,"Dylan, Bob & Band, The",Bob Dylan & The Band,The Basement Tapes,#REF!,https://www.discogs.com/de/Bob-Dylan-The-Band-The-Basement-Tapes/master/14459
1,,,336,Roxy Music,Roxy Music,Avalon,#REF!,https://www.discogs.com/de/Roxy-Music-Avalon/master/58313
1,303,1967,337,"Dylan, Bob",Bob Dylan,John Wesley Harding,#REF!,https://www.discogs.com/de/Bob-Dylan-John-Wesley-Harding/master/4129
1,429,1975,,"Eno, Brian",Brian Eno,Another Green World,#REF!,https://www.discogs.com/de/Eno-Another-Green-World/master/6659
1,277,1989,339,"Jackson, Janet",Janet Jackson,Rhythm Nation 1814,#REF!,https://www.discogs.com/de/Janet-Jackson-Rhythm-Nation-1814/master/92699
1,,,340,Snoop Doggy Dogg,Snoop Doggy Dogg*,Doggystyle,#REF!,https://www.discogs.com/de/Snoop-Doggy-Dogg-Doggystyle/master/30129
,362,1993,341,Smashing Pumpkins,Smashing Pumpkins,Siamese Dream,#REF!,https://www.discogs.com/de/Smashing-Pumpkins-Siamese-Dream/master/48681
1,392,1970,342,"Beatles, The",The Beatles,Let It Be,#REF!,https://www.discogs.com/de/The-Beatles-Let-It-Be/master/24212
1,60,1970,343,Sly & The Family Stone,Sly & The Family Stone,Greatest Hits,#REF!,https://www.discogs.com/de/Sly-The-Family-Stone-Greatest-Hits/master/112692
,380,1973,344,Toots & The Maytals,Toots & The Maytals,Funky Kingston,#REF!,https://www.discogs.com/de/Toots-The-Maytals-Funky-Kingston/master/1601618
1,133,1973,345,"Springsteen, Bruce",Bruce Springsteen,"The Wild, The Innocent & The E Street Shuffle",#REF!,https://www.discogs.com/de/Bruce-Springsteen-The-WildInnocent-The-E-Street-Shuffle/master/27629
1,,,346,Arctic Monkeys,Arctic Monkeys,AM,#REF!,https://www.discogs.com/de/Arctic-Monkeys-AM/master/593987
,,,347,Genius / GZA,Genius / GZA,Liquid Swords,#REF!,https://www.discogs.com/de/Genius-GZA-Liquid-Swords/master/25167
cd only,,,348,"Welch, Gillian",Gillian Welch,Time (The Revelator),#REF!,https://www.discogs.com/de/Gillian-Welch-Time-The-Revelator/master/87360
1,294,1969,349,MC5,MC5,Kick Out The Jams,#REF!,https://www.discogs.com/de/MC5-Kick-Out-The-Jams/master/64011
1,285,1972,350,"Wonder, Stevie",Stevie Wonder,Music Of My Mind,#REF!,https://www.discogs.com/de/Stevie-Wonder-Music-Of-My-Mind/master/87436
1,396,1973,351,Roxy Music,Roxy Music,For Your Pleasure,#REF!,https://www.discogs.com/de/Roxy-Music-For-Your-Pleasure/master/58142
1,275,1999,352,Eminem,Eminem,The Slim Shady LP,#REF!,https://www.discogs.com/de/Eminem-The-Slim-Shady-LP/master/12172
1,284,1978,353,"Cars, The",The Cars,The Cars,#REF!,https://www.discogs.com/de/The-Cars-The-Cars/master/69666
,,,354,X-Ray Spex,X-Ray Spex,Germfree Adolescents,#REF!,https://www.discogs.com/de/X-Ray-Spex-Germfree-Adolescents/master/53941
1,243,1970,355,Black Sabbath,Black Sabbath,Black Sabbath,#REF!,https://www.discogs.com/de/Black-Sabbath-Black-Sabbath/master/723
1,143,1968,356,"Dr. John, The Night Tripper","Dr. John, The Night Tripper",Gris-Gris,#REF!,https://www.discogs.com/de/Dr-JohnNight-Tripper-Gris-Gris/master/49016
1,399,1985,357,"Waits, Tom",Tom Waits,Rain Dogs,#REF!,https://www.discogs.com/de/Tom-Waits-Rain-Dogs/master/13960
1,,,358,Sonic Youth,Sonic Youth,Goo,#REF!,https://www.discogs.com/de/Sonic-Youth-Goo/master/9751
1,405,1974,359,Big Star,Big Star,Radio City,#REF!,https://www.discogs.com/de/Big-Star-Radio-City/master/13840
,177,1978,360,Funkadelic,Funkadelic,One Nation Under A Groove,#REF!,https://www.discogs.com/de/Funkadelic-One-Nation-Under-A-Groove/master/54666
,,,361,My Chemical Romance,My Chemical Romance,The Black Parade,#REF!,https://www.discogs.com/de/My-Chemical-Romance-The-Black-Parade/master/724992
1,,,362,"Vandross, Luther",Luther Vandross,Never Too Much,#REF!,https://www.discogs.com/de/Luther-Vandross-Never-Too-Much/master/130344
1,276,1975,363,Parliament,Parliament,Mothership Connection,#REF!,https://www.discogs.com/de/Parliament-Mothership-Connection/master/15841
1,383,1978,364,Talking Heads,Talking Heads,More Songs About Buildings And Food,#REF!,https://www.discogs.com/de/Talking-Heads-More-Songs-About-Buildings-And-Food/master/39312
1,,,365,Doom And Madlib,Doom And Madlib,Madvillainy Madvillainy,#REF!,https://www.discogs.com/de/Doom-And-Madlib-Madvillain-Madvillainy/master/8554
1,176,1976,366,Aerosmith,Aerosmith,Rocks,#REF!,https://www.discogs.com/de/Aerosmith-Rocks/master/36741
,,,367,Drake,Drake,If You're Reading This It's Too Late,#REF!,https://www.discogs.com/de/Drake-If-Youre-Reading-This-Its-Too-Late/master/826492
1,433,1970,368,"Harrison, George",George Harrison,All Things Must Pass,#REF!,https://www.discogs.com/de/George-Harrison-All-Things-Must-Pass/master/56036
,,,369,Mobb Deep,Mobb Deep,The Infamous,#REF!,https://www.discogs.com/de/Mobb-Deep-The-Infamous/master/46381
,,,370,"Wayne, Lil",Lil Wayne,Tha Carter II,#REF!,https://www.discogs.com/de/Lil-Wayne-Tha-Carter-II/master/93038
1,400,1995,371,"Temptations, The",The Temptations,Anthology,#REF!,https://www.discogs.com/de/The-Temptations-Anthology/master/194166
1,338,1968,372,Big Brother & The Holding Company,Big Brother & The Holding Company,Cheap Thrills,#REF!,https://www.discogs.com/de/Big-Brother-The-Holding-Company-Cheap-Thrills/master/72262
1,,,373,"Hayes, Isaac",Isaac Hayes,Hot Buttered Soul,#REF!,https://www.discogs.com/de/Isaac-Hayes-Hot-Buttered-Soul/master/52968
1,,,374,"Johnson, Robert",Robert Johnson,King Of The Delta Blues Singers,#REF!,https://www.discogs.com/de/Robert-Johnson-King-Of-The-Delta-Blues-Singers/master/102667
1,193,1994,375,Green Day,Green Day,Dookie,#REF!,https://www.discogs.com/de/Green-Day-Dookie/master/33170
1,,,376,Neutral Milk Hotel,Neutral Milk Hotel,In The Aeroplane Over The Sea,#REF!,https://www.discogs.com/de/Neutral-Milk-Hotel-In-The-Aeroplane-Over-The-Sea/master/9443
,,,377,Yeah Yeah Yeahs,Yeah Yeah Yeahs,Fever To Tell,#REF!,https://www.discogs.com/de/Yeah-Yeah-Yeahs-Fever-To-Tell/master/33406
1,242,1984,378,Run-D.M.C.,Run-D.M.C.,Run-D.M.C.,#REF!,https://www.discogs.com/de/Run-DMC-Run-DMC/master/63312
1,,,379,Rush,Rush,Moving Pictures,#REF!,https://www.discogs.com/de/Rush-Moving-Pictures/master/7532
1,,,380,"Mingus, Charles",Charles Mingus,Mingus Ah Um,#REF!,https://www.discogs.com/de/Charles-Mingus-Mingus-Ah-Um/master/65014
1,403,1973,381,Lynyrd Skynyrd,Lynyrd Skynyrd,(Pronounced 'Lĕh-'nérd 'Skin-'nérd),#REF!,https://www.discogs.com/de/Lynyrd-Skynyrd-Pronounced-L%C4%95h-n%C3%A9rd-Skin-n%C3%A9rd/master/70569
1,,,382,Tame Impala,Tame Impala,Currents,#REF!,https://www.discogs.com/de/Tame-Impala-Currents/master/861083
1,,,383,Massive Attack,Massive Attack,Mezzanine,#REF!,https://www.discogs.com/de/Massive-Attack-Mezzanine/master/23683
1,258,1968,384,"Kinks, The",The Kinks,The Kinks Are The Village Green Preservation Society,#REF!,https://www.discogs.com/de/The-Kinks-The-Kinks-Are-The-Village-Green-Preservation-Society/master/101391
1,106,1977,385,Ramones,Ramones,Rocket To Russia,#REF!,https://www.discogs.com/de/Ramones-Rocket-To-Russia/master/39371
1,,,386,J Dilla,J Dilla,Donuts,#REF!,https://www.discogs.com/de/J-Dilla-Donuts/master/68208
1,336,2007,387,Radiohead,Radiohead,In Rainbows,#REF!,https://www.discogs.com/de/Radiohead-In-Rainbows/master/21520
1,,,388,"Franklin, Aretha",Aretha Franklin,"Young, Gifted And Black",#REF!,https://www.discogs.com/de/Aretha-Franklin-Young-Gifted-And-Black/master/72885
1,,,389,"Carey, Mariah",Mariah Carey,The Emancipation Of Mimi,#REF!,https://www.discogs.com/de/Mariah-Carey-The-Emancipation-Of-Mimi/master/78958
1,317,1988,390,Pixies,Pixies,Surfer Rosa,#REF!,https://www.discogs.com/de/Pixies-Surfer-Rosa/master/16731
,,,391,Kelis,Kelis,Kaleidoscope,#REF!,
CD Only,213,1991,392,"Turner, Ike & Tina",Ike & Tina Turner,Proud Mary: The Best Of Ike And Tina Turner,#REF!,https://www.discogs.com/de/Ike-Tina-Turner-Proud-Mary-The-Best-Of-Ike-And-Tina-Turner/master/293943
1,,,393,"Swift, Taylor",Taylor Swift,1989,#REF!,https://www.discogs.com/de/Taylor-Swift-1989/master/750386
1,,,394,"Ross, Diana",Diana Ross,Diana,#REF!,https://www.discogs.com/de/Diana-Ross-Diana/master/99253
1,,,395,D'Angelo And The Vanguard,D'Angelo And The Vanguard,Black Messiah,#REF!,https://www.discogs.com/de/DAngelo-And-The-Vanguard-Black-Messiah/master/771416
1,173,1972,396,"Rundgren, Todd",Todd Rundgren,Something / Anything?,#REF!,
1,,,397,"Eilish, Billie",Billie Eilish,"When We All Fall Asleep, Where Do We Go?",#REF!,https://www.discogs.com/de/Billie-Eilish-When-We-All-Fall-Asleep-Where-Do-We-Go/master/1524311
1,,,398,"Raincoats, The",The Raincoats,The Raincoats,#REF!,https://www.discogs.com/de/The-Raincoats-The-Raincoats/master/716744
,,,399,"Wilson, Brian",Brian Wilson,Smile,#REF!,https://www.discogs.com/de/Brian-Wilson-Smile/master/116628
1,414,1981,400,Go-Go's,Go-Go's,Beauty And The Beat,#REF!,https://www.discogs.com/de/Go-Gos-Beauty-And-The-Beat/master/81550
1,,,401,Blondie,Blondie,Blondie,#REF!,https://www.discogs.com/de/Blondie-Blondie/master/3454
1,,,402,Fela Ransome Kuti* & Africa 70,Fela Ransome Kuti* & Africa 70,Expensive Shit,#REF!,https://www.discogs.com/de/Fela-Ransome-Kuti-Africa-70-Expensive-Shit/master/150519
,,,403,Ghostface Killah,Ghostface Killah,Supreme Clientele,#REF!,https://www.discogs.com/de/Ghostface-Killah-Supreme-Clientele/master/24875
1,,,404,"Baker, Anita",Anita Baker,Rapture,#REF!,https://www.discogs.com/de/Anita-Baker-Rapture/master/113203
1,196,1972,405,Various,Various,Nuggets (Original Artyfacts From The First Psychedelic Era 1965-1968),#REF!,https://www.discogs.com/de/Various-Nuggets-Original-Artyfacts-From-The-First-Psychedelic-Era-1965-1968/master/85910
,465,1999,406,"Magnetic Fields, The",The Magnetic Fields,69 Love Songs,#REF!,https://www.discogs.com/de/The-Magnetic-Fields-69-Love-Songs/master/22493
1,210,1969,407,"Young, Neil With Crazy Horse",Neil Young With Crazy Horse,Everybody Knows This Is Nowhere,#REF!,https://www.discogs.com/de/Neil-Young-With-Crazy-Horse-Everybody-Knows-This-Is-Nowhere/master/38719
1,,,408,Motörhead,Motörhead,Ace Of Spades,#REF!,https://www.discogs.com/de/Mot%C3%B6rhead-Ace-Of-Spades/master/38512
1,264,1970,409,"Grateful Dead, The",The Grateful Dead,Workingman's Dead,#REF!,https://www.discogs.com/de/The-Grateful-Dead-Workingmans-Dead/master/18489
,,,410,"Beach Boys, The",The Beach Boys,Wild Honey,#REF!,https://www.discogs.com/de/The-Beach-Boys-Wild-Honey/master/78439
1,385,2001,411,"Dylan, Bob",Bob Dylan,Love And Theft,#REF!,https://www.discogs.com/de/Bob-Dylan-Love-And-Theft/master/27804
1,273,1966,412,Smokey Robinson And The Miracles,Smokey Robinson And The Miracles,Going To A Go-Go,#REF!,https://www.discogs.com/de/Smokey-Robinson-And-The-Miracles-Going-To-A-Go-Go/master/96894
1,,,413,Creedence Clearwater Revival,Creedence Clearwater Revival,Cosmo's Factory,#REF!,https://www.discogs.com/de/Creedence-Clearwater-Revival-Cosmos-Factory/master/55281
1,,,414,Chic,Chic,Risqué,#REF!,https://www.discogs.com/de/Chic-Risqu%C3%A9/master/53111
1,220,1970,415,"Meters, The",The Meters,Look-Ka Py Py,#REF!,https://www.discogs.com/de/The-Meters-Look-Ka-Py-Py/master/109362
,,,416,"Roots, The",The Roots,Things Fall Apart,#REF!,https://www.discogs.com/de/The-Roots-Things-Fall-Apart/master/39713
1,248,1959,417,"Coleman, Ornette",Ornette Coleman,The Shape Of Jazz To Come,#REF!,https://www.discogs.com/de/Ornette-Coleman-The-Shape-Of-Jazz-To-Come/master/47813
1,352,1985,418,Dire Straits,Dire Straits,Brothers In Arms,#REF!,https://www.discogs.com/de/Dire-Straits-Brothers-In-Arms/master/23684
,,,419,"Church, Eric",Eric Church,Chief,#REF!,https://www.discogs.com/de/Eric-Church-Chief/master/510597
1,486,1975,420,"Earth, Wind & Fire","Earth, Wind & Fire",That's The Way Of The World,#REF!,https://www.discogs.com/de/Earth-Wind-Fire-Thats-The-Way-Of-The-World/master/99532
,,,421,M.I.A.,M.I.A.,Arular,#REF!,https://www.discogs.com/de/MIA-Arular/master/80899
1,165,1973,422,"Gaye, Marvin",Marvin Gaye,Let's Get It On,#REF!,https://www.discogs.com/de/Marvin-Gaye-Lets-Get-It-On/master/66602
1,,,423,Yo La Tengo,Yo La Tengo,I Can Hear The Heart Beating As One,#REF!,https://www.discogs.com/de/Yo-La-Tengo-I-Can-Hear-The-Heart-Beating-As-One/master/32485
1,306,1996,424,Beck,Beck,Odelay,#REF!,https://www.discogs.com/de/Beck-Odelay/master/44998
1,268,1972,425,"Simon, Paul",Paul Simon,Paul Simon,#REF!,https://www.discogs.com/de/Paul-Simon-Paul-Simon/master/97959
,,,426,"Williams, Lucinda",Lucinda Williams,Lucinda Williams,#REF!,https://www.discogs.com/de/Lucinda-Williams-Lucinda-Williams/master/222607
1,290,1973,427,"Green, Al",Al Green,Call Me,#REF!,
1,488,1985,428,Hüsker Dü,Hüsker Dü,New Day Rising,#REF!,https://www.discogs.com/de/H%C3%BCsker-D%C3%BC-New-Day-Rising/master/30085
1,,,429,Four Tops,Four Tops,Reach Out,#REF!,https://www.discogs.com/de/Four-Tops-Reach-Out/master/36408
1,168,1977,430,"Costello, Elvis",Elvis Costello,My Aim Is True,#REF!,https://www.discogs.com/de/Elvis-Costello-My-Aim-Is-True/master/39488
1,455,1984,431,Los Lobos,Los Lobos,How Will The Wolf Survive?,#REF!,https://www.discogs.com/de/Los-Lobos-How-Will-The-Wolf-Survive/master/198210
,,,432,Usher,Usher,Confessions,#REF!,https://www.discogs.com/de/Usher-Confessions/master/136803
,395,2007,433,LCD Soundsystem,LCD Soundsystem,Sound Of Silver,#REF!,https://www.discogs.com/de/LCD-Soundsystem-Sound-Of-Silver/master/42446
,212,1994,434,Pavement,Pavement,"Crooked Rain, Crooked Rain",#REF!,https://www.discogs.com/de/Pavement-Crooked-Rain-Crooked-Rain/master/21662
1,,,435,Pet Shop Boys,Pet Shop Boys,Actually,#REF!,https://www.discogs.com/de/Pet-Shop-Boys-Actually/master/27976
,,,436,2Pac,2Pac,All Eyez On Me,#REF!,https://www.discogs.com/de/2Pac-All-Eyez-On-Me/master/84819
,,,437,Primal Scream,Primal Scream,Screamadelica,#REF!,https://www.discogs.com/de/Primal-Scream-Screamadelica/master/28274
1,,,438,Blur,Blur,Parklife,#REF!,https://www.discogs.com/de/Blur-Parklife/master/94761
1,,,439,"Brown, James",James Brown,Sex Machine,#REF!,https://www.discogs.com/de/James-Brown-Sex-Machine/master/81665
1,,,440,"Lynn, Loretta",Loretta Lynn,Coal Miner's Daughter,#REF!,https://www.discogs.com/de/Loretta-Lynn-Coal-Miners-Daughter/master/211262
1,,,441,"Spears, Britney",Britney Spears,Blackout,#REF!,https://www.discogs.com/de/Britney-Spears-Blackout/master/30118
1,,,442,"Weeknd, The",The Weeknd,Beauty Behind The Madness,#REF!,https://www.discogs.com/de/The-Weeknd-Beauty-Behind-The-Madness/master/877638
1,,,443,"Bowie, David",David Bowie,Scary Monsters,#REF!,https://www.discogs.com/de/David-Bowie-Scary-Monsters/master/30425
1,,,444,"Apple, Fiona",Fiona Apple,Extraordinary Machine,#REF!,https://www.discogs.com/de/Fiona-Apple-Extraordinary-Machine/master/88828
1,,,445,Yes,Yes,Close To The Edge,#REF!,https://www.discogs.com/de/Yes-Close-To-The-Edge/master/35006
,,,446,"Coltrane, Alice",Alice Coltrane Featuring Pharoah Sanders,Journey In Satchidananda,#REF!,https://www.discogs.com/de/Alice-Coltrane-Featuring-Pharoah-Sanders-Journey-In-Satchidananda/master/59538
,,,447,Bad Bunny,Bad Bunny,X 100PRE,#REF!,https://www.discogs.com/de/Bad-Bunny-X-100PRE/master/1611526
,254,1966,448,"Redding, Otis",Otis Redding,The Otis Redding Dictionary Of Soul Complete & Unbelievable,#REF!,https://www.discogs.com/de/Otis-Redding-The-Otis-Redding-Dictionary-Of-Soul-Complete-Unbelievable/master/144195
1,390,2003,449,"White Stripes, The",The White Stripes,Elephant,#REF!,https://www.discogs.com/de/The-White-Stripes-Elephant/master/10341
,,,450,"McCartney, Paul And Linda",Paul And Linda McCartney,Ram,#REF!,https://www.discogs.com/de/Paul-And-Linda-McCartney-Ram/master/92517
1,,,451,"Flack, Roberta",Roberta Flack,First Take,#REF!,https://www.discogs.com/de/Roberta-Flack-First-Take/master/82337
1,423,2001,452,"Ross, Diana And The Supremes",Diana Ross And The Supremes,Anthology,#REF!,https://www.discogs.com/de/Diana-Ross-And-The-Supremes-Anthology/master/100647
1,,,453,Nine Inch Nails,Nine Inch Nails,Pretty Hate Machine,#REF!,https://www.discogs.com/de/Nine-Inch-Nails-Pretty-Hate-Machine/master/3406
1,,,454,Can,Can,Ege Bamyasi,#REF!,https://www.discogs.com/de/Can-Ege-Bamyasi/master/11693
1,216,1986,455,"Diddley, Bo",Bo Diddley,Bo Diddley / Go Bo Diddley,#REF!,https://www.discogs.com/de/Bo-Diddley-Bo-Diddley-Go-Bo-Diddley/master/1278668
1,52,1975,456,"Green, Al",Al Green,Greatest Hits,#REF!,https://www.discogs.com/de/Al-Green-Greatest-Hits/master/141238
1,408,1990,457,"O'Connor, Sinéad",Sinéad O'Connor,I Do Not Want What I Haven't Got,#REF!,https://www.discogs.com/de/Sin%C3%A9ad-OConnor-I-Do-Not-Want-What-I-Havent-Got/master/51591
1,,,458,"Isbell, Jason",Jason Isbell,Southeastern,#REF!,https://www.discogs.com/de/Jason-Isbell-Southeastern/master/564464
,,,459,Kid Cudi,Kid Cudi,Man On The Moon: The End Of Day,#REF!,https://www.discogs.com/de/Kid-Cudi-Man-On-The-Moon-The-End-Of-Day/master/191288
1,,,460,Lorde,Lorde,Melodrama,#REF!,https://www.discogs.com/de/Lorde-Melodrama/master/1196330
1,,,461,Bon Iver,Bon Iver,"For Emma, Forever Ago",#REF!,https://www.discogs.com/de/Bon-Iver-For-Emma-Forever-Ago/master/97618
1,192,1969,462,"Flying Burrito Bros, The",The Flying Burrito Bros,The Gilded Palace Of Sin,#REF!,https://www.discogs.com/de/The-Flying-Burrito-Bros-The-Gilded-Palace-Of-Sin/master/12299
1,,,463,"Nyro, Laura",Laura Nyro,Eli And The Thirteenth Confession,#REF!,https://www.discogs.com/de/Laura-Nyro-Eli-And-The-Thirteenth-Confession/master/99400
1,,,464,"Isley Brothers, The",The Isley Brothers,3 + 3,#REF!,https://www.discogs.com/de/The-Isley-Brothers-3-3/master/82584
cd only,,,465,King Sunny Ade,King Sunny Ade,The Best Of The Classic Years,#REF!,https://www.discogs.com/de/King-Sunny-Ade-The-Best-Of-The-Classic-Years/release/575151
,271,1965,466,"Beach Boys, The",The Beach Boys,The Beach Boys Today!,#REF!,https://www.discogs.com/de/The-Beach-Boys-The-Beach-Boys-Today/master/268265
1,,,467,Maxwell,Maxwell,BLACKsummers'night,#REF!,https://www.discogs.com/de/Maxwell-BLACKsummersnight/master/234568
1,270,1978,468,"Rolling Stones, The",The Rolling Stones,Some Girls,#REF!,https://www.discogs.com/de/The-Rolling-Stones-Some-Girls/master/54219
1,,,469,Manu Chao,Manu Chao,Clandestino,#REF!,https://www.discogs.com/de/Manu-Chao-Clandestino/master/92309
,,,470,Juvenile,Juvenile,400 Degreez,#REF!,https://www.discogs.com/de/Juvenile-400-Degreez/master/229180
1,146,1967,471,Jefferson Airplane,Jefferson Airplane,Surrealistic Pillow,#REF!,https://www.discogs.com/de/Jefferson-Airplane-Surrealistic-Pillow/master/47868
1,,,472,SZA,SZA,Ctrl,#REF!,https://www.discogs.com/de/SZA-Ctrl/master/1193369
cd only,,,473,Daddy Yankee,Daddy Yankee,Barrio Fino,#REF!,https://www.discogs.com/de/Daddy-Yankee-Barrio-Fino/master/416729
1,434,1972,474,Big Star,Big Star,#1 Record,#REF!,https://www.discogs.com/de/Big-Star-1-Record/master/13825
cd only,,,475,"Crow, Sheryl",Sheryl Crow,Sheryl Crow,#REF!,https://www.discogs.com/de/Sheryl-Crow-Sheryl-Crow/master/130289
1,,,476,Sparks,Sparks,Kimono My House,#REF!,https://www.discogs.com/de/Sparks-Kimono-My-House/master/87047
1,154,1954,477,Howlin' Wolf,Howlin' Wolf,Moanin' In The Moonlight,#REF!,https://www.discogs.com/de/Howlin-Wolf-Moanin-In-The-Moonlight/master/103290
1,289,1967,478,"Kinks, The",The Kinks,Something Else By The Kinks,#REF!,https://www.discogs.com/de/The-Kinks-Something-Else-By-The-Kinks/master/73396
,,,479,Selena,Selena,Amor Prohibido,#REF!,
,,,480,"Lambert, Miranda",Miranda Lambert,The Weight Of These Wings,#REF!,https://www.discogs.com/de/Miranda-Lambert-The-Weight-Of-These-Wings/master/1094436
1,,,481,Belle And Sebastian,Belle And Sebastian,If You're Feeling Sinister,#REF!,https://www.discogs.com/de/Belle-And-Sebastian-If-Youre-Feeling-Sinister/master/2521
,,,482,"Pharcyde, The",The Pharcyde,Bizarre Ride II The Pharcyde,#REF!,https://www.discogs.com/de/The-Pharcyde-Bizarre-Ride-II-The-Pharcyde/master/56074
cd only,38,2001,483,"Waters, Muddy",Muddy Waters,The Anthology (1947-1972),#REF!,https://www.discogs.com/de/Muddy-Waters-The-Anthology-1947-1972/master/629830
,,,484,Lady Gaga,Lady Gaga,Born This Way,#REF!,https://www.discogs.com/de/Lady-Gaga-Born-This-Way/master/338175
1,471,1974,485,"Thompson, Richard And Linda",Richard And Linda Thompson,I Want To See The Bright Lights Tonight,#REF!,https://www.discogs.com/de/Richard-And-Linda-Thompson-I-Want-To-See-The-Bright-Lights-Tonight/master/64214
,,,486,"Mayer, John",John Mayer,Continuum,#REF!,https://www.discogs.com/de/John-Mayer-Continuum/master/170454
1,340,1981,487,Black Flag,Black Flag,Damaged,#REF!,https://www.discogs.com/de/Black-Flag-Damaged/master/28654
,185,1969,488,"Stooges, The",The Stooges,The Stooges,#REF!,https://www.discogs.com/de/The-Stooges-The-Stooges/master/38215
,65,1991,489,"Spector, Phil",Phil Spector,Back To Mono (1958-1969),#REF!,https://www.discogs.com/de/Phil-Spector-Back-To-Mono-1958-1969/master/253925
1,,,490,"Ronstadt, Linda",Linda Ronstadt,Heart Like A Wheel,#REF!,https://www.discogs.com/de/Linda-Ronstadt-Heart-Like-A-Wheel/master/14607
1,,,491,"Styles, Harry",Harry Styles,Fine Line,#REF!,https://www.discogs.com/de/Harry-Styles-Fine-Line/master/1649896
1,230,1989,492,"Raitt, Bonnie",Bonnie Raitt,Nick Of Time,#REF!,https://www.discogs.com/de/Bonnie-Raitt-Nick-Of-Time/master/105857
1,456,1978,493,"Gaye, Marvin",Marvin Gaye,"Here, My Dear",#REF!,https://www.discogs.com/de/Marvin-Gaye-Here-My-Dear/master/66800
,422,1963,494,"Ronettes, The",The Ronettes,...Presenting The Fabulous Ronettes Featuring Veronica,#REF!,https://www.discogs.com/de/The-Ronettes-Presenting-The-Fabulous-Ronettes-Featuring-Veronica/master/208080
,,,495,Boyz II Men,Boyz II Men,II,#REF!,https://www.discogs.com/de/Boyz-II-Men-II/master/77912
1,,,496,Shakira,Shakira,Dónde Están Los Ladrones?,#REF!,https://www.discogs.com/de/Shakira-D%C3%B3nde-Est%C3%A1n-Los-Ladrones/master/47301
,387,1993,497,Various,Various,The Indestructible Beat Of Soweto,#REF!,https://www.discogs.com/de/Various-The-Indestructible-Beat-Of-Soweto/master/238336
1,441,1977,498,Suicide,Suicide,Suicide,#REF!,https://www.discogs.com/de/Suicide-Suicide/master/22168
,,,499,Rufus Featuring Chaka Khan,Rufus Featuring Chaka Khan,Ask Rufus,#REF!,https://www.discogs.com/de/Rufus-Featuring-Chaka-Khan-Ask-Rufus/master/107362
1,151,2004,500,Arcade Fire,Arcade Fire,Funeral,#REF!,https://www.discogs.com/de/Arcade-Fire-Funeral/master/1945
1,22,1990,-,"Johnson, Robert",Robert Johnson,The Complete Recordings,#REF!,https://www.discogs.com/de/Robert-Johnson-The-Complete-Recordings/master/102666
1,39,1963,-,"Beatles, The",The Beatles,Please Please Me,#REF!,https://www.discogs.com/de/The-Beatles-Please-Please-Me/master/45362
1,59,1976,-,Creedence Clearwater Revival featuring John Fogerty,Creedence Clearwater Revival featuring John Fogerty,Chronicle: The 20 Greatest Hits,#REF!,https://www.discogs.com/de/Creedence-Clearwater-Revival-Featuring-John-Fogerty-Chronicle-The-20-Greatest-Hits/master/55427
1,60,1969,-,Captain Beefheart & His Magic Band,Captain Beefheart & His Magic Band,Trout Mask Replica,#REF!,https://www.discogs.com/de/Captain-Beefheart-His-Magic-Band-Trout-Mask-Replica/master/463963
1,102,1966,-,Cream,Cream,Fresh Cream,#REF!,https://www.discogs.com/de/Cream-Fresh-Cream/master/35688
1,112,1966,-,"Mama’s and the Papa’s, The",The Mama’s and the Papa’s,If You Can Believe Your Eyes and Ears,#REF!,https://www.discogs.com/de/The-Mamas-And-The-Papas-If-You-Can-Believe-Your-Eyes-And-Ears/master/124850
1,116,1965,-,"Rolling Stones, The",Rolling Stones,Out of Our Heads,#REF!,https://www.discogs.com/de/The-Rolling-Stones-Out-Of-Our-Heads/master/194321
1,124,1967,-,Moby Grape,Moby Grape,Moby Grape,#REF!,https://www.discogs.com/de/Moby-Grape-Moby-Grape/master/76123
1,127,1967,-,"Byrds, The",The Byrds,Younger Than Yesterday,#REF!,https://www.discogs.com/de/The-Byrds-Younger-Than-Yesterday/master/30054
,128,1973,-,"Iggy and Stooges, The",Iggy and The Stooges,Raw Power,#REF!,https://www.discogs.com/de/Iggy-And-The-Stooges-Raw-Power/master/38175
1,136,1974,-,"John, Elton",Elton John,Greatest Hits,#REF!,https://www.discogs.com/de/Elton-John-Greatest-Hits/master/85568
,137,1985,-,"Replacements, The",The Replacements,Tim,#REF!,https://www.discogs.com/de/The-Replacements-Tim/release/14206914
1,139,1974,-,"Meters, The",The Meters,Rejuvenation,#REF!,https://www.discogs.com/de/The-Meters-Rejuvenation/master/109366
,142,1963,-,"Spector, Phil",Phil Spector,A Christmas Gift for You From Phil Spector,#REF!,https://www.discogs.com/de/Various-A-Christmas-Gift-For-You-From-Philles-Records/master/493221
1,149,1969,-,Santana,Santana,Santana,#REF!,https://www.discogs.com/de/Santana-Santana/master/37570
1,158,1975,-,"John, Elton",Elton John,Captain Fantastic and the Brown Dirt Cowboy,#REF!,https://www.discogs.com/de/Elton-John-Captain-Fantastic-And-The-Brown-Dirt-Cowboy/master/30569
1,161,1968,-,"Redding, Otis",Otis Redding,The Dock of the Bay,#REF!,https://www.discogs.com/de/Otis-Redding-The-Dock-Of-The-Bay/master/118069
cd only,164,2002,-,"Ronstadt, Linda",Linda Ronstadt,The Very Best of Linda Ronstadt,#REF!,https://www.discogs.com/de/Linda-Ronstadt-The-Very-Best-Of-Linda-Ronstadt/master/329361
1,166,1982,-,"Costello, Elvis & The Attractions",Elvis Costello & The Attractions,Imperial Bedroom,#REF!,https://www.discogs.com/de/Elvis-Costello-And-The-Attractions-Imperial-Bedroom/master/42894
1,171,1968,-,"Byrds, The",The Byrds,The Notorious Byrd Brothers,#REF!,https://www.discogs.com/de/The-Byrds-The-Notorious-Byrd-Brothers/release/3633194
1,174,1976,-,"Dylan, Bob",Bob Dylan,Desire,#REF!,https://www.discogs.com/de/Bob-Dylan-Desire/master/3911
,175,1970,-,Carpenters,Carpenters,Close to You,#REF!,https://www.discogs.com/de/Carpenters-Close-To-You/master/84990
cd only,178,1992,-,"Mayfield, Curtis & The Impressions",Curtis Mayfield & The Impressions,The Anthology: 1961–1977,#REF!,https://www.discogs.com/de/Curtis-Mayfield-The-Impressions-The-Anthology-1961-1977/master/1067510
,180,1965,-,"Rolling Stones, The",The Rolling Stones,"The Rolling Stones, Now!",#REF!,https://www.discogs.com/de/The-Rolling-Stones-The-Rolling-Stones-Now/master/54323
1,181,1974,-,"Marley, Bob",Bob Marley & The Wailers,Natty Dread,#REF!,https://www.discogs.com/de/Bob-Marley-The-Wailers-Natty-Dread/master/65908
1,182,1975,-,Fleetwood Mac,Fleetwood Mac,Fleetwood Mac,#REF!,https://www.discogs.com/de/Fleetwood-Mac-Fleetwood-Mac/master/38776
1,186,1973,-,Sly & The Family Stone,Sly & The Family Stone,Fresh,#REF!,https://www.discogs.com/de/Sly-The-Family-Stone-Fresh/master/78494
1,188,1967,-,Buffalo Springfield,Buffalo Springfield,Buffalo Springfield Again,#REF!,https://www.discogs.com/de/Buffalo-Springfield-Buffalo-Springfield-Again/master/14064
1,189,1969,-,Quicksilver Messenger Service,Quicksilver Messenger Service,Happy Trails,#REF!,https://www.discogs.com/de/Quicksilver-Messenger-Service-Happy-Trails/master/12100
1,195,1966,-,"Mayall, John & The Bluesbreakers",John Mayall & The Bluesbreakers,Blues Breakers With Eric Clapton (“The Beano Album”),#REF!,https://www.discogs.com/de/John-Mayall-With-Eric-Clapton-Blues-Breakers/release/15603313
1,198,1967,-,"Walter, Little",Little Walter,The Best of Little Walter,#REF!,https://www.discogs.com/de/Little-Walter-The-Best-Of-Little-Walter/master/179495
1,200,1979,-,AC/DC,AC/DC,Highway To Hell,#REF!,https://www.discogs.com/de/ACDC-Highway-To-Hell/master/8522
1,202,1966,-,Simon & Garfunkel,Simon & Garfunkel,"Parsley, Sage, Rosemary and Thyme",#REF!,https://www.discogs.com/de/Simon-And-Garfunkel-Parsley-Sage-Rosemary-And-Thyme/master/27785
1,204,2006,-,"Dylan, Bob",Bob Dylan,Modern Times,#REF!,https://www.discogs.com/de/Bob-Dylan-Modern-Times/master/27834
1,205,1968,-,Cream,Cream,Wheels of Fire,#REF!,https://www.discogs.com/de/Cream-Wheels-Of-Fire/master/35706
1,213,1981,-,"Rolling Stones, The",The Rolling Stones,Tattoo You,#REF!,https://www.discogs.com/de/Rolling-Stones-Tattoo-You/master/38549
1,217,1961,-,Bobby “Blue” Bland,Bobby “Blue” Bland,Two Steps From the Blues,#REF!,https://www.discogs.com/de/Bobby-Bland-Two-Steps-From-The-Blues/master/182746
,222,1972,-,Professor Longhair,Professor Longhair,New Orleans Piano,#REF!,https://www.discogs.com/de/Professor-Longhair-New-Orleans-Piano/master/283111
1,223,1983,-,U2,U2,War,#REF!,https://www.discogs.com/de/U2-War/master/48830
,224,1999,-,"Diamond, Neil",Neil Diamond,The Neil Diamond Collection,#REF!,https://www.discogs.com/de/Neil-Diamond-The-Neil-Diamond-Collection/master/251291
1,229,1975,-,Aerosmith,Aerosmith,Toys in the Attic,#REF!,https://www.discogs.com/de/Aerosmith-Toys-In-The-Attic/master/36627
,232,1972,-,"Kinks, The",The Kinks,The Kink Kronikles,#REF!,https://www.discogs.com/de/The-Kinks-The-Kink-Kronikles/master/102450
1,234,1968,-,Simon & Garfunkel,Simon & Garfunkel,Bookends,#REF!,https://www.discogs.com/de/Simon-Garfunkel-Bookends/master/27757
1,236,1992,-,"Wilson, Jackie",Jackie Wilson,Mr. Excitement!,#REF!,https://www.discogs.com/de/Jackie-Wilson-Mr-Excitement/master/1492847
1,237,1965,-,"Who, the",The Who,My Generation,#REF!,https://www.discogs.com/de/The-Who-My-Generation/master/68534
1,238,1962,-,Howlin’ Wolf,Howlin’ Wolf,Howlin’ Wolf,#REF!,https://www.discogs.com/de/Howlin-Wolf-Howlin-Wolf/master/220002
1,246,1966,-,"Mothers of Invention, The",The Mothers of Invention,Freak Out!,#REF!,https://www.discogs.com/de/The-Mothers-Of-Invention-Freak-Out/master/36466
1,247,1969,-,"Grateful Dead, The",The Grateful Dead,Live/Dead,#REF!,https://www.discogs.com/de/The-Grateful-Dead-LiveDead/release/3309258
1,253,1980,-,"Springsteen, Bruce",Bruce Springsteen,The River,#REF!,https://www.discogs.com/de/Bruce-Springsteen-The-River/master/27194
1,260,1978,-,"Nelson, Willie",Willie Nelson,Stardust,#REF!,https://www.discogs.com/de/Willie-Nelson-Stardust/master/97789
1,265,1959,-,"Charles, Ray",Ray Charles,The Genius of Ray Charles,#REF!,https://www.discogs.com/de/Ray-Charles-The-Genius-Of-Ray-Charles/master/239635
1,266,1968,-,"Blood, Sweat & Tears","Blood, Sweat & Tears",Child Is Father to the Man,#REF!,https://www.discogs.com/de/Blood-Sweat-And-Tears-Child-Is-Father-To-The-Man/master/35383
1,267,1973,-,"Who, the",The Who,Quadrophenia,#REF!,https://www.discogs.com/de/The-Who-Quadrophenia/master/68475
1,269,1985,-,"Jesus and Mary Chain, The",The Jesus and Mary Chain,Psychocandy,#REF!,https://www.discogs.com/de/The-Jesus-And-Mary-Chain-Psychocandy/master/5332
,274,1974,-,LaBelle,LaBelle,Nightbirds,#REF!,https://www.discogs.com/de/LaBelle-Nightbirds/master/154212
,278,1997,-,Various Artists,Various Artists,Anthology of American Folk Music,#REF!,https://www.discogs.com/de/Harry-Smith-Anthology-Of-American-Folk-Music/master/568903
1,279,1973,-,"Bowie, David",David Bowie,Aladdin Sane,#REF!,https://www.discogs.com/de/David-Bowie-Aladdin-Sane/master/2162
1,280,2000,-,U2,U2,All That You Can’t Leave Behind,#REF!,https://www.discogs.com/de/U2-All-That-You-Cant-Leave-Behind/master/32791
1,282,1964,-,"Waters, Muddy",Muddy Waters,Folk Singer,#REF!,https://www.discogs.com/de/Muddy-Waters-Folk-Singer/master/193778
1,283,1974,-,"White, Barry",Barry White,Can't Get Enough,#REF!,https://www.discogs.com/de/Barry-White-Cant-Get-Enough/master/37863
1,288,1968,-,The Greatful Dead,The Greatful Dead,Anthem of the Sun,#REF!,https://www.discogs.com/de/The-Grateful-Dead-Anthem-Of-The-Sun/master/18447
1,291,1977,-,Talking Heads,Talking Heads,Talking Heads: 77,#REF!,https://www.discogs.com/de/Talking-Heads-Talking-Heads-77/master/39365
1,295,1970,-,"Cohen, Leonard",Leonard Cohen,Songs of Love and Hate,#REF!,https://www.discogs.com/de/Leonard-Cohen-Songs-Of-Love-And-Hate/master/3933
1,296,1985,-,"Smiths, The",The Smiths,Meat Is Murder,#REF!,https://www.discogs.com/de/The-Smiths-Meat-Is-Murder/master/4186
,297,1968,-,"Mothers of Invention, The",The Mothers of Invention,We’re Only in It for the Money,#REF!,https://www.discogs.com/de/The-Mothers-Of-Invention-Were-Only-In-It-For-The-Money/master/36738
1,308,1956,-,"Sinatra, Frank",Frank Sinatra,Songs for Swingin’ Lovers!,#REF!,https://www.discogs.com/de/Frank-Sinatra-Songs-For-Swingin-Lovers/master/144114
cd only,311,1994,-,Various Artists,Various Artists,The Sun Records Collection,#REF!,https://www.discogs.com/de/Various-The-Sun-Records-Collection/master/473257
,312,1988,-,Jane’s Addiction,Jane’s Addiction,Nothing’s Shocking,#REF!,https://www.discogs.com/de/Janes-Addiction-Nothings-Shocking/master/32065
1,318,1972,-,"O’Jays, The",The O’Jays,Back Stabbers,#REF!,https://www.discogs.com/de/OJays-Back-Stabbers/master/12081
1,319,1973,-,"Wailers, The",The Wailers,Burnin’,#REF!,https://www.discogs.com/de/The-Wailers-Burnin/master/65823
1,320,2001,-,Radiohead,Radiohead,Amnesiac,#REF!,https://www.discogs.com/de/Radiohead-Amnesiac/master/2507
1,323,1981,-,"Police, The",The Police,Ghost in the Machine,#REF!,https://www.discogs.com/de/The-Police-Ghost-In-The-Machine/master/39316
1,325,1977,-,"Clapton, Eric",Eric Clapton,Slowhand,#REF!,https://www.discogs.com/de/Eric-Clapton-Slowhand/master/433056
1,329,1986,-,"Brown, James",James Brown,In the Jungle Groove,#REF!,https://www.discogs.com/de/James-Brown-In-The-Jungle-Groove/master/65277
1,332,1982,-,"Thompson, Richard & Linda",Richard & Linda Thompson,Shoot Out the Lights,#REF!,https://www.discogs.com/de/Richard-Linda-Thompson-Shoot-Out-The-Lights/master/64223
,333,1981,-,X,X,Wild Gift,#REF!,https://www.discogs.com/de/X-Wild-Gift/master/52633
1,334,1979,-,Graham Parker & The Rumour,Graham Parker & The Rumour,Squeezing Out Sparks,#REF!,https://www.discogs.com/de/Graham-Parker-The-Rumour-Squeezing-Out-Sparks/master/105925
1,335,1994,-,Soundgarden,Soundgarden,Superunknown,#REF!,https://www.discogs.com/de/Soundgarden-Superunknown/master/11547
1,337,1971,-,Jethro Tull,Jethro Tull,Aqualung,#REF!,https://www.discogs.com/de/Jethro-Tull-Aqualung/master/38184
1,339,1974,-,"Waits, Tom",Tom Waits,The Heart of Saturday Night,#REF!,https://www.discogs.com/de/Tom-Waits-The-Heart-Of-Saturday-Night/master/13942
1,341,1999,-,Moby,Moby,Play,#REF!,https://www.discogs.com/de/Moby-Play/master/82202
1,343,1977,-,Meat Loaf,Meat Loaf,Bat Out of Hell,#REF!,https://www.discogs.com/de/Meat-Loaf-Bat-Out-Of-Hell/master/23069
1,344,1973,-,"Reed, Lou",Lou Reed,Berlin,#REF!,https://www.discogs.com/de/Lou-Reed-Berlin/master/44291
1,345,1984,-,Talking Heads,Talking Heads,Stop Making Sense,#REF!,https://www.discogs.com/de/Talking-Heads-Stop-Making-Sense/master/39350
1,348,1960,-,"Waters, Muddy",Muddy Waters,Muddy Waters at Newport 1960,#REF!,https://www.discogs.com/de/Muddy-Waters-Muddy-Waters-At-Newport-1960/master/256935
1,350,1966,-,"Yardbirds, The",The Yardbirds,"Yardbirds (also known as ""Roger the Engineer"" and ""Over Under Sideways Down"")",#REF!,https://www.discogs.com/de/Yardbirds-Yardbirds/master/37173
1,354,1978,-,"Joel, Billy",Billy Joel,52nd Street,#REF!,https://www.discogs.com/de/Billy-Joel-52nd-Street/master/57048
,355,1969,-,"Yardbirds, The",The Yardbirds,Having a Rave Up,#REF!,https://www.discogs.com/de/The-Yardbirds-Having-A-Rave-Up-With-The-Yardbirds/master/86340
1,356,1970,-,"Newman, Randy",Randy Newman,12 Songs,#REF!,https://www.discogs.com/de/Randy-Newman-12-Songs/master/198171
1,357,1967,-,"Rolling Stones, The",The Rolling Stones,Between the Buttons,#REF!,https://www.discogs.com/de/The-Rolling-Stones-Between-The-Buttons/master/30241
1,358,1960,-,"Davis, Miles",Miles Davis,Sketches of Spain,#REF!,https://www.discogs.com/de/Miles-Davis-Sketches-Of-Spain/master/48172
1,363,1987,-,New Order,New Order,Substance 1987,#REF!,https://www.discogs.com/de/New-Order-Substance/master/41020
1,364,1971,-,"Doors, The",The Doors,L.A. Woman,#REF!,https://www.discogs.com/de/The-Doors-LA-Woman/master/45432
1,366,1994,-,"Cash, Johnny",Johnny Cash,American Recordings,#REF!,https://www.discogs.com/de/Johnny-Cash-American-Recordings/master/27779
1,369,1987,-,"Smiths, The",The Smiths,Louder Than Bombs,#REF!,https://www.discogs.com/de/The-Smiths-Louder-Than-Bombs/master/20975
1,370,1973,-,Mott the Hoople,Mott the Hoople,Mott,#REF!,https://www.discogs.com/de/Mott-The-Hoople-Mott/master/55718
1,371,2006,-,Arctic Monkeys,Arctic Monkeys,"Whatever People Say I Am, That’s What I’m Not",#REF!,https://www.discogs.com/de/Arctic-Monkeys-Whatever-People-Say-I-Am-Thats-What-Im-Not/master/76279
1,372,1979,-,"Police, The",The Police,Reggatta de Blanc,#REF!,https://www.discogs.com/de/The-Police-Reggatta-De-Blanc/master/39199
1,373,1969,-,Jefferson Airplane,Jefferson Airplane,Volunteers,#REF!,https://www.discogs.com/de/Jefferson-Airplane-Volunteers/master/47890
1,374,1975,-,Roxy Music,Roxy Music,Siren,#REF!,https://www.discogs.com/de/Roxy-Music-Siren/master/58352
1,375,1974,-,"Browne, Jackson",Jackson Browne,Late for the Sky,#REF!,https://www.discogs.com/de/Jackson-Browne-Late-For-The-Sky/master/22491
cd only,377,1991,-,"Hooker, John Lee",John Lee Hooker,The Ultimate Collection: 1948–1990,#REF!,https://www.discogs.com/de/John-Lee-Hooker-The-Ultimate-Collection-1948-1990/master/978433
,381,2011,-,"Beach Boys, The",The Beach Boys,The Smile Sessions,#REF!,https://www.discogs.com/de/The-Beach-Boys-The-Smile-Sessions/master/381486
1,384,1966,-,"Who, the",The Who,A Quick One,#REF!,https://www.discogs.com/de/The-Who-A-Quick-One/master/68496
1,386,1974,-,Steely Dan,Steely Dan,Pretzel Logic,#REF!,https://www.discogs.com/de/Steely-Dan-Pretzel-Logic/master/16984
1,389,1989,-,"Henley, Don",Don Henley,The End of the Innocence,#REF!,https://www.discogs.com/de/Don-Henley-The-End-Of-The-Innocence/master/41762
1,391,1976,-,"Browne, Jackson",Jackson Browne,The Pretender,#REF!,https://www.discogs.com/de/Jackson-Browne-The-Pretender/master/26049
,393,2007,-,M.I.A.,M.I.A.,Kala,#REF!,https://www.discogs.com/de/MIA-Kala/master/80900
1,394,1974,-,"Newman, Randy",Randy Newman,Good Old Boys,#REF!,https://www.discogs.com/de/Randy-Newman-Good-Old-Boys/master/81090
1,398,1983,-,ZZ Top,ZZ Top,Eliminator,#REF!,https://www.discogs.com/de/ZZ-Top-Eliminator/master/48605
1,404,1972,-,Dr. John,Dr. John,Dr. John’s Gumbo,#REF!,https://www.discogs.com/de/Dr-John-Dr-Johns-Gumbo/master/49048
1,409,1967,-,"Doors, The",The Doors,Strange Days,#REF!,https://www.discogs.com/de/The-Doors-Strange-Days/master/45326
,410,1997,-,"Dylan, Bob",Bob Dylan,Time Out of Mind,#REF!,https://www.discogs.com/de/Bob-Dylan-Time-Out-Of-Mind/master/28277
1,411,1974,-,"Clapton, Eric",Eric Clapton,461 Ocean Boulevard,#REF!,https://www.discogs.com/de/Eric-Clapton-461-Ocean-Boulevard/master/69859
,416,1999,-,"Waits, Tom",Tom Waits,Mule Variations,#REF!,https://www.discogs.com/de/Tom-Waits-Mule-Variations/master/14287
1,417,1980,-,U2,U2,Boy,#REF!,https://www.discogs.com/de/U2-Boy/master/48750
1,418,1973,-,"McCartney, Paul & Wings",Paul McCartney & Wings,Band on the Run,#REF!,https://www.discogs.com/de/Paul-McCartney-And-Wings-Band-On-The-Run/master/48878
1,420,1957,-,"Crickets, The",The Crickets,The “Chirping” Crickets,#REF!,https://www.discogs.com/de/The-Crickets-The-Chirping-Crickets/master/148363
cd only,421,1990,-,Various Artists,Various Artists,"The Best of the Girl Groups, Volumes 1 and 2",#REF!,https://www.discogs.com/de/Various-The-Best-Of-The-Girl-Groups-Volume-2/master/1747653
1,424,2002,-,"Springsteen, Bruce",Bruce Springsteen,The Rising,#REF!,https://www.discogs.com/de/Bruce-Springsteen-The-Rising/master/27201
1,425,1974,-,"Parsons, Gram",Gram Parsons,Grievous Angel,#REF!,https://www.discogs.com/de/Gram-Parsons-Grievous-Angel/master/12274
1,426,1976,-,Cheap Trick,Cheap Trick,Cheap Trick at Budokan,#REF!,https://www.discogs.com/de/Cheap-Trick-Cheap-Trick-At-Budokan/master/116831
cd only,427,2002,-,"Wolf, Peter",Peter Wolf,Sleepless,#REF!,https://www.discogs.com/de/Peter-Wolf-Sleepless/master/533113
1,428,1978,-,"Police, The",The Police,Outlandos d'Amour,#REF!,https://www.discogs.com/de/The-Police-Outlandos-DAmour/master/39188
,430,2007,-,Vampire Weekend,Vampire Weekend,Vampire Weekend,#REF!,https://www.discogs.com/de/Vampire-Weekend-Vampire-Weekend/master/3211
1,431,2000,-,PJ Harvey,PJ Harvey,"Stories From the City, Stories From the Sea",#REF!,https://www.discogs.com/de/P-J-Harvey-Stories-From-The-City-Stories-From-The-Sea/master/52673
1,436,2002,-,Beck,Beck,Sea Change,#REF!,https://www.discogs.com/de/Beck-Sea-Change/master/45312
1,438,1979,-,"Cure, The",The Cure,Boys Don’t Cry,#REF!,https://www.discogs.com/de/The-Cure-Boys-Dont-Cry/master/20161
1,440,1985,-,"Pogues, The",The Pogues,Rum Sodomy & the Lash,#REF!,https://www.discogs.com/de/The-Pogues-Rum-Sodomy-The-Lash/master/43758
1,443,1977,-,Cheap Trick,Cheap Trick,In Color,#REF!,https://www.discogs.com/de/Cheap-Trick-In-Color/master/116826
1,444,1972,-,War,War,The World is a Ghetto,#REF!,https://www.discogs.com/de/War-The-World-Is-A-Ghetto/master/116938
1,445,1976,-,Steve Miller Band,Steve Miller Band,Fly Like an Eagle,#REF!,https://www.discogs.com/de/Steve-Miller-Band-Fly-Like-An-Eagle/master/82406
1,446,1970,-,MC5,MC5,Back in the USA,#REF!,https://www.discogs.com/de/MC5-Back-In-The-USA/master/63845
1,447,1964,-,"Getz, Stan",Stan Getz / João Gilberto featuring Antônio Carlos Jobim,Getz/Gilberto,#REF!,https://www.discogs.com/de/Stan-Getz-Joao-Gilberto-Featuring-Antonio-Carlos-Jobim-Getz-Gilberto/master/85178
1,450,1973,-,"Browne, Jackson",Jackson Browne,For Everyman,#REF!,https://www.discogs.com/de/Jackson-Browne-For-Everyman/master/26008
1,453,1987,-,EPMD,EPMD,Strictly Business,#REF!,https://www.discogs.com/de/EPMD-Strictly-Business/master/82877
1,454,1971,-,"Cooper, Alice",Alice Cooper,Love It to Death,#REF!,https://www.discogs.com/de/Alice-Cooper-Love-It-To-Death/master/52898
,457,2005,-,My Morning Jacket,My Morning Jacket,Z,#REF!,https://www.discogs.com/de/My-Morning-Jacket-Z/master/145447
1,458,1970,-,"John, Elton",Elton John,Tumbleweed Connection,#REF!,https://www.discogs.com/de/Elton-John-Tumbleweed-Connection/master/84216
,459,1968,-,"Drifters, The",The Drifters,The Drifters' Golden Hits,#REF!,https://www.discogs.com/de/The-Drifters-The-Drifters-Golden-Hits/master/119817
,461,1979,-,Public Image Ltd.,Public Image Ltd.,Metal Box,#REF!,https://www.discogs.com/de/PiL-Metal-Box/master/4800
1,462,1987,-,R.E.M.,R.E.M.,Document,#REF!,https://www.discogs.com/de/REM-Document/master/21299
1,463,1981,-,Echo and The Bunnymen,Echo and The Bunnymen,Heaven Up Here,#REF!,https://www.discogs.com/de/Echo-And-The-Bunnymen-Heaven-Up-Here/master/27602
1,464,1987,-,Def Leppard,Def Leppard,Hysteria,#REF!,https://www.discogs.com/de/Def-Leppard-Hysteria/master/31048
1,467,1987,-,"Springsteen, Bruce",Bruce Springsteen,Tunnel of Love,#REF!,https://www.discogs.com/de/Bruce-Springsteen-Tunnel-Of-Love/master/27206
1,468,1965,-,"Paul Butterfield Blues Band, The",The Paul Butterfield Blues Band,The Paul Butterfield Blues Band,#REF!,https://www.discogs.com/de/The-Paul-Butterfield-Blues-Band-The-Paul-Butterfield-Blues-Band/master/76225
1,470,1985,-,L.L. Cool J,L.L. Cool J,Radio,#REF!,https://www.discogs.com/de/LL-Cool-J-Radio/master/79695
1,473,1984,-,"Smiths, The",The Smiths,The Smiths,#REF!,https://www.discogs.com/de/The-Smiths-The-Smiths/master/4264
1,474,2001,-,Manu Chao,Manu Chao,Próxima estación: Esperanza,#REF!,https://www.discogs.com/de/Manu-Chao-Pr%C3%B3xima-Estaci%C3%B3n-Esperanza/master/92319
1,475,1979,-,"Costello, Elvis & The Attractions",Elvis Costello & The Attractions,Armed Forces,#REF!,https://www.discogs.com/de/Elvis-Costello-And-The-Attractions-Armed-Forces/master/42659
cd only,478,2002,-,"Lynn, Loretta",Loretta Lynn,All Time Greatest Hits,#REF!,https://www.discogs.com/de/Loretta-Lynn-All-Time-Greatest-Hits/master/1342073
,482,1986,-,"Earle, Steve",Steve Earle,Guitar Town,#REF!,https://www.discogs.com/de/Steve-Earle-Guitar-Town/master/87443
1,484,1972,-,Mott the Hoople,Mott the Hoople,All the Young Dudes,#REF!,https://www.discogs.com/de/Mott-The-Hoople-All-The-Young-Dudes/master/55644
1,485,1994,-,Pearl Jam,Pearl Jam,Vitalogy,#REF!,https://www.discogs.com/de/Pearl-Jam-Vitalogy/master/73769
1,489,1976,-,KISS,KISS,Destroyer,#REF!,https://www.discogs.com/de/Kiss-Destroyer/master/41722
1,490,1973,-,ZZ Top,ZZ Top,Tres hombres,#REF!,https://www.discogs.com/de/ZZ-Top-Tres-Hombres/master/48131
1,491,1967,-,"King, Albert",Albert King,Born Under a Bad Sign,#REF!,https://www.discogs.com/de/Albert-King-Born-Under-A-Bad-Sign/master/222239
1,492,1983,-,Eurythmics,Eurythmics,Touch,#REF!,https://www.discogs.com/de/Eurythmics-Touch/master/72535
1,494,2007,-,MGMT,MGMT,Oracular Spectacular,#REF!,https://www.discogs.com/de/MGMT-Oracular-Spectacular/master/26303
1,495,1972,-,"Raitt, Bonnie",Bonnie Raitt,Give It Up,#REF!,https://www.discogs.com/de/Bonnie-Raitt-Give-It-Up/master/244793
1,496,1969,-,"Scaggs, Boz",Boz Scaggs,Boz Scaggs,#REF!,https://www.discogs.com/de/Boz-Scaggs-Boz-Scaggs/master/108241
1,497,2001,-,"White Stripes, The",The White Stripes,White Blood Cells,#REF!,https://www.discogs.com/de/The-White-Stripes-White-Blood-Cells/master/10332
1,499,1971,-,"King, B.B.",B.B. King,Live in Cook County Jail,#REF!,https://www.discogs.com/de/BB-King-Live-In-Cook-County-Jail/master/223756